caller,site,target,kind
egs52_reset_startup,080546,0805a8,UNCONDITIONAL_CALL
egs52_reset_startup,080550,08112c,UNCONDITIONAL_CALL
egs52_reset_startup,080558,0810fc,UNCONDITIONAL_CALL
egs52_reset_startup,080568,080f90,UNCONDITIONAL_CALL
egs52_reset_startup,08057e,083132,UNCONDITIONAL_CALL
egs52_reset_startup,080588,08244a,UNCONDITIONAL_CALL
egs52_reset_startup,08058c,082392,UNCONDITIONAL_CALL
egs52_reset_startup,080590,081d72,UNCONDITIONAL_CALL
egs52_reset_startup,080594,081db0,UNCONDITIONAL_CALL
,0805b0,08059c,UNCONDITIONAL_CALL
egs52_reset_startup,08077a,08112c,UNCONDITIONAL_CALL
egs52_reset_startup,0808dc,0807a6,COMPUTED_JUMP
egs52_reset_startup,0808dc,0807ce,COMPUTED_JUMP
egs52_reset_startup,0808dc,0807ba,COMPUTED_JUMP
egs52_reset_startup,08095e,0807f4,COMPUTED_JUMP
egs52_reset_startup,08095e,0807e2,COMPUTED_JUMP
egs52_update_near_fdee_080960,080ae0,00f224,UNCONDITIONAL_CALL
egs52_update_near_fdee_080b22,080bf8,00f224,UNCONDITIONAL_CALL
egs52_update_near_f3e6_080c1a,080c2a,080960,UNCONDITIONAL_CALL
egs52_update_near_f3e6_080c30,080c40,08172a,UNCONDITIONAL_CALL
egs52_update_near_f3e6_080c30,080c44,080b22,UNCONDITIONAL_CALL
egs52_update_near_f3f8_080c4a,080ce2,080f5e,UNCONDITIONAL_CALL
egs52_update_near_f3f8_080c4a,080dec,080f5e,UNCONDITIONAL_CALL
egs52_update_near_f3f8_080c4a,080f00,080f5e,UNCONDITIONAL_CALL
egs52_call_081058_080f90,080faa,081058,UNCONDITIONAL_CALL
egs52_call_081058_080f90,080fd6,081058,UNCONDITIONAL_CALL
egs52_call_081058_080f90,081006,081058,UNCONDITIONAL_CALL
egs52_call_081058_080f90,081022,0810cc,UNCONDITIONAL_CALL
egs52_call_081058_080f90,08103c,0810cc,UNCONDITIONAL_CALL
egs52_update_near_f3fe_08115c,0811a6,08172a,UNCONDITIONAL_CALL
egs52_update_near_f3fe_08115c,0811c4,0810fc,UNCONDITIONAL_CALL
egs52_update_near_f3fe_08115c,0811cc,081af0,UNCONDITIONAL_CALL
egs52_update_near_f3fe_08115c,0811d6,081b00,UNCONDITIONAL_CALL
egs52_update_near_f3fe_08115c,0811ea,081a92,UNCONDITIONAL_CALL
egs52_update_near_f3fe_08115c,0811fc,080c1a,UNCONDITIONAL_CALL
egs52_update_near_f3fe_08115c,081212,080c30,UNCONDITIONAL_CALL
egs52_update_near_f3fe_08115c,081236,081a42,UNCONDITIONAL_CALL
egs52_update_near_f3fe_08115c,08125a,08112c,UNCONDITIONAL_CALL
egs52_update_near_f3fe_08115c,081262,081af4,UNCONDITIONAL_CALL
egs52_update_near_f3fe_08115c,08126a,081b04,UNCONDITIONAL_CALL
egs52_update_near_f3fe_08115c,08127c,081a92,UNCONDITIONAL_CALL
egs52_update_near_f3fe_08115c,08128e,080c1a,UNCONDITIONAL_CALL
egs52_update_near_f3fe_08115c,0812a0,081a42,UNCONDITIONAL_CALL
egs52_update_near_f3fe_08115c,0812b2,081a42,UNCONDITIONAL_CALL
egs52_update_near_f3fe_08115c,0812ca,081a42,UNCONDITIONAL_CALL
egs52_update_near_f406_0812e8,08130e,08172a,UNCONDITIONAL_CALL
egs52_update_near_f3fe_081334,08137c,08172a,UNCONDITIONAL_CALL
egs52_update_near_f3fe_081334,0813c6,08172a,UNCONDITIONAL_CALL
egs52_update_near_f3fe_081334,081414,081aa4,UNCONDITIONAL_CALL
egs52_update_near_f3fe_081334,08141a,081a92,UNCONDITIONAL_CALL
egs52_update_near_f3fe_081334,081422,081a92,UNCONDITIONAL_CALL
egs52_update_near_f3fe_081334,081472,081aa4,UNCONDITIONAL_CALL
egs52_update_near_f3fe_081334,0814b2,081aa4,UNCONDITIONAL_CALL
egs52_update_near_f3fe_081334,0814c2,080c1a,UNCONDITIONAL_CALL
egs52_update_near_f3fe_08152a,081562,081aa4,UNCONDITIONAL_CALL
egs52_update_near_f3fe_081584,0815a2,080f90,UNCONDITIONAL_CALL
egs52_update_near_f3fe_081584,0815b8,0810fc,UNCONDITIONAL_CALL
egs52_update_near_f3fe_081584,0815ee,081a92,UNCONDITIONAL_CALL
egs52_update_near_f3fe_081584,081634,080c1a,UNCONDITIONAL_CALL
egs52_update_near_f3fe_081584,081664,08112c,UNCONDITIONAL_CALL
egs52_update_near_f3fe_081584,08169a,081a92,UNCONDITIONAL_CALL
egs52_update_near_f3fe_081584,0816e0,080c1a,UNCONDITIONAL_CALL
egs52_update_near_f615_08172a,081788,08112c,UNCONDITIONAL_CALL
egs52_compute_from_near_fdee_081a42,081a6e,080c30,UNCONDITIONAL_CALL
egs52_update_near_f615_081aa4,081ada,080c1a,UNCONDITIONAL_CALL
egs52_update_near_fdee_081db0,081e08,081f1e,UNCONDITIONAL_CALL
egs52_update_near_fdee_081db0,081e3a,089090,UNCONDITIONAL_CALL
egs52_update_near_fdee_081db0,081e5e,081f30,UNCONDITIONAL_CALL
egs52_update_near_fdee_081db0,081e8e,089e22,UNCONDITIONAL_CALL
egs52_update_near_fdee_081db0,081eaa,081f3c,UNCONDITIONAL_CALL
egs52_update_near_fdee_081db0,081ebe,082384,UNCONDITIONAL_CALL
egs52_update_near_fdee_081db0,081ede,081d84,UNCONDITIONAL_CALL
egs52_update_near_fdee_081db0,081eee,000188,UNCONDITIONAL_CALL
egs52_update_near_fdee_081db0,081f10,088f56,UNCONDITIONAL_CALL
egs52_update_near_fdee_081db0,081f14,080c4a,UNCONDITIONAL_CALL
egs52_update_near_fdea_081f3c,081f4c,082392,UNCONDITIONAL_CALL
egs52_update_near_fdea_081f3c,081f50,08244a,UNCONDITIONAL_CALL
egs52_update_near_fdea_081f3c,082094,082a00,UNCONDITIONAL_CALL
egs52_update_near_fdea_081f3c,0820a6,08272c,UNCONDITIONAL_CALL
egs52_update_near_fdea_081f3c,0820ac,08278c,UNCONDITIONAL_CALL
egs52_update_near_fdea_081f3c,0820ba,0827e6,UNCONDITIONAL_CALL
egs52_update_near_fdea_081f3c,0820e2,082392,UNCONDITIONAL_CALL
egs52_update_near_fdea_081f3c,0820e6,08244a,UNCONDITIONAL_CALL
egs52_update_near_fdea_081f3c,08211e,0827e6,UNCONDITIONAL_CALL
egs52_update_near_fdea_081f3c,082160,082a00,UNCONDITIONAL_CALL
egs52_update_near_fdea_081f3c,08219c,08272c,UNCONDITIONAL_CALL
egs52_update_near_fdea_081f3c,0821a2,08278c,UNCONDITIONAL_CALL
egs52_update_near_fdea_081f3c,0821b6,0827e6,UNCONDITIONAL_CALL
egs52_update_near_fdea_081f3c,0821d4,082a00,UNCONDITIONAL_CALL
egs52_update_near_fdea_081f3c,0821ee,082392,UNCONDITIONAL_CALL
egs52_update_near_fdea_081f3c,0821f2,08244a,UNCONDITIONAL_CALL
egs52_update_near_fdea_081f3c,08226e,082a00,UNCONDITIONAL_CALL
egs52_update_near_fdea_081f3c,082296,082a00,UNCONDITIONAL_CALL
egs52_update_near_fdea_081f3c,082322,08298a,UNCONDITIONAL_CALL
egs52_update_near_fdea_081f3c,08234e,082a00,UNCONDITIONAL_CALL
egs52_update_near_fdea_081f3c,08235c,082392,UNCONDITIONAL_CALL
egs52_update_near_fdea_081f3c,082360,08244a,UNCONDITIONAL_CALL
egs52_update_near_fdea_081f3c,082364,089fc6,UNCONDITIONAL_CALL
egs52_update_near_fdea_081f3c,08237a,082a00,UNCONDITIONAL_CALL
egs52_call_08244a_082384,082384,08244a,UNCONDITIONAL_CALL
egs52_call_08244a_082384,082388,082392,UNCONDITIONAL_CALL
egs52_call_08244a_082384,08238c,081a2e,UNCONDITIONAL_CALL
egs52_update_near_f57f_082392,0823dc,082472,UNCONDITIONAL_CALL
egs52_update_near_f57f_082392,082436,089fc6,UNCONDITIONAL_CALL
egs52_update_near_f57f_082392,082444,083132,UNCONDITIONAL_CALL
egs52_update_near_f1c6_08244a,08246c,083132,UNCONDITIONAL_CALL
egs52_call_082900_0826ea,0826ea,082900,UNCONDITIONAL_CALL
egs52_call_082900_0826f0,0826f0,082900,UNCONDITIONAL_CALL
egs52_call_0829c6_082724,082724,0829c6,UNCONDITIONAL_CALL
egs52_update_near_f456_08298a,0829c0,089ce0,UNCONDITIONAL_CALL
egs52_update_near_f581_082a00,082a1a,083132,UNCONDITIONAL_CALL
egs52_update_near_f581_082a00,082a74,082b14,UNCONDITIONAL_CALL
egs52_update_near_f581_082a00,082a86,083132,UNCONDITIONAL_CALL
egs52_update_near_f581_082a00,082ae6,082b14,UNCONDITIONAL_CALL
egs52_update_near_f581_082a00,082af6,083132,UNCONDITIONAL_CALL
egs52_boot_service_31,082bec,08115c,UNCONDITIONAL_CALL
egs52_boot_service_31,082c02,08112c,UNCONDITIONAL_CALL
egs52_boot_service_31,082c34,08115c,UNCONDITIONAL_CALL
egs52_boot_service_31,082c76,08115c,UNCONDITIONAL_CALL
egs52_boot_service_31,082ca0,083132,UNCONDITIONAL_CALL
egs52_boot_service_31,082d18,083132,UNCONDITIONAL_CALL
egs52_boot_service_31,082dc2,081584,UNCONDITIONAL_CALL
egs52_boot_service_31,082e2e,081584,UNCONDITIONAL_CALL
egs52_boot_service_31,082e86,083040,UNCONDITIONAL_CALL
egs52_boot_service_3b,082f6c,080c1a,UNCONDITIONAL_CALL
egs52_boot_service_3b,082f94,080c1a,UNCONDITIONAL_CALL
egs52_boot_service_3b,082fba,08172a,UNCONDITIONAL_CALL
egs52_boot_service_3b,082fcc,080c1a,UNCONDITIONAL_CALL
egs52_compute_from_near_fdee_083040,0830b0,083138,UNCONDITIONAL_CALL
egs52_compute_from_near_fdee_083040,0830c0,080f5e,UNCONDITIONAL_CALL
egs52_compute_from_near_fdee_083040,0830d0,083138,UNCONDITIONAL_CALL
egs52_compute_from_near_fdee_083040,0830fe,083132,UNCONDITIONAL_CALL
egs52_compute_from_near_fdee_083040,083102,00f238,UNCONDITIONAL_CALL
egs52_interrupt_188,08315e,0831d6,COMPUTED_JUMP
egs52_interrupt_188,08315e,0832b4,COMPUTED_JUMP
egs52_interrupt_188,08315e,083494,COMPUTED_JUMP
egs52_interrupt_188,08315e,083534,COMPUTED_JUMP
egs52_interrupt_188,08315e,08345e,COMPUTED_JUMP
egs52_interrupt_188,08315e,08341c,COMPUTED_JUMP
egs52_interrupt_188,08315e,08335a,COMPUTED_JUMP
egs52_interrupt_188,08315e,083318,COMPUTED_JUMP
egs52_interrupt_188,08315e,0833c6,COMPUTED_JUMP
egs52_interrupt_188,08315e,0833e6,COMPUTED_JUMP
egs52_interrupt_188,08315e,083160,COMPUTED_JUMP
egs52_interrupt_188,08315e,0833a0,COMPUTED_JUMP
egs52_interrupt_188,08315e,0834ce,COMPUTED_JUMP
egs52_interrupt_188,08315e,08328c,COMPUTED_JUMP
egs52_interrupt_188,08315e,08350a,COMPUTED_JUMP
egs52_interrupt_188,08315e,0832e8,COMPUTED_JUMP
egs52_interrupt_0ac,0835c6,0835de,COMPUTED_JUMP
egs52_interrupt_0ac,0835c6,0835c8,COMPUTED_JUMP
egs52_interrupt_0ac,0835da,000188,UNCONDITIONAL_CALL
egs52_interrupt_0ac,0835de,000188,UNCONDITIONAL_CALL
egs52_boot_service_81,088046,088f1e,UNCONDITIONAL_CALL
egs52_boot_service_82,08807a,08244a,UNCONDITIONAL_CALL
egs52_boot_service_82,08807e,082392,UNCONDITIONAL_CALL
egs52_boot_service_82,088082,081a2e,UNCONDITIONAL_CALL
egs52_boot_service_20,0883a6,088f1e,UNCONDITIONAL_CALL
egs52_boot_service_27,0884cc,088f1e,UNCONDITIONAL_CALL
egs52_boot_service_27,088674,088f1e,UNCONDITIONAL_CALL
egs52_boot_service_10,08886e,088f1e,UNCONDITIONAL_CALL
egs52_boot_service_34,08897e,0812e8,UNCONDITIONAL_CALL
egs52_boot_service_36,088a04,081334,UNCONDITIONAL_CALL
egs52_boot_service_37,088a50,08152a,UNCONDITIONAL_CALL
egs52_boot_service_3d,088ada,083132,UNCONDITIONAL_CALL
egs52_boot_service_3d,088b5c,08172a,UNCONDITIONAL_CALL
egs52_boot_service_3d,088b6e,083132,UNCONDITIONAL_CALL
egs52_boot_service_23,088c58,0824c8,UNCONDITIONAL_CALL
egs52_boot_service_1a,088dc2,088ea2,UNCONDITIONAL_CALL
egs52_boot_service_1a,088df0,088ea2,UNCONDITIONAL_CALL
egs52_update_near_f41e_088f56,088f7a,089090,UNCONDITIONAL_CALL
egs52_update_near_f41e_088f56,088fbc,0894ca,UNCONDITIONAL_CALL
egs52_update_near_f186_089090,089284,08a084,UNCONDITIONAL_CALL
egs52_update_near_f186_089090,08948e,08a084,UNCONDITIONAL_CALL
egs52_update_near_f186_089090,0894b8,089fc6,UNCONDITIONAL_CALL
egs52_update_near_f422_0894ca,08950a,08a00c,UNCONDITIONAL_CALL
egs52_update_near_f422_0894ca,08953e,089650,UNCONDITIONAL_CALL
egs52_update_near_f422_0894ca,089568,08a00c,UNCONDITIONAL_CALL
egs52_update_near_f422_0894ca,0895be,089e70,UNCONDITIONAL_CALL
egs52_update_near_f422_0894ca,0895da,089650,UNCONDITIONAL_CALL
egs52_update_near_f422_0894ca,08961c,089e70,UNCONDITIONAL_CALL
egs52_update_near_f439_089650,0896ae,089e70,UNCONDITIONAL_CALL
egs52_update_near_f439_089650,0896f0,089e70,UNCONDITIONAL_CALL
egs52_update_near_f439_089650,08974c,0894ca,UNCONDITIONAL_CALL
egs52_update_near_f439_089650,0897ca,089ef6,UNCONDITIONAL_CALL
egs52_update_near_f439_089650,0897f4,089ce0,UNCONDITIONAL_CALL
egs52_update_near_f439_089650,0897fc,089fc6,UNCONDITIONAL_CALL
egs52_update_near_f439_089650,089820,089ce0,UNCONDITIONAL_CALL
egs52_update_near_f439_089650,089828,089fc6,UNCONDITIONAL_CALL
egs52_update_near_f439_089650,089856,089fc6,UNCONDITIONAL_CALL
egs52_update_near_f439_089650,08985e,089fc6,UNCONDITIONAL_CALL
egs52_update_near_f439_089650,0898ae,08a036,UNCONDITIONAL_CALL
egs52_update_near_f439_089650,089a38,089e70,UNCONDITIONAL_CALL
egs52_update_near_f439_089650,089a74,089ce0,UNCONDITIONAL_CALL
egs52_update_near_f439_089650,089a78,089e8a,UNCONDITIONAL_CALL
egs52_update_near_f439_089650,089b52,089ce0,UNCONDITIONAL_CALL
egs52_update_near_f439_089650,089b5a,089fc6,UNCONDITIONAL_CALL
egs52_update_near_f439_089650,089b62,089fc6,UNCONDITIONAL_CALL
egs52_update_near_f439_089650,089bf2,089ef6,UNCONDITIONAL_CALL
egs52_update_near_f439_089650,089c20,089fc6,UNCONDITIONAL_CALL
egs52_update_near_f439_089650,089c28,089fc6,UNCONDITIONAL_CALL
egs52_update_near_f439_089650,089c48,089e70,UNCONDITIONAL_CALL
egs52_update_near_f439_089650,089c76,089ce0,UNCONDITIONAL_CALL
egs52_update_near_f439_089650,089cd0,0894ca,UNCONDITIONAL_CALL
egs52_update_near_f40a_089ce0,089d2e,089dbe,UNCONDITIONAL_CALL
egs52_update_near_f40a_089ce0,089d5e,089dbe,UNCONDITIONAL_CALL
egs52_update_near_f40a_089ce0,089da0,089dbe,UNCONDITIONAL_CALL
egs52_update_near_f40a_089ce0,089db2,089650,UNCONDITIONAL_CALL
egs52_call_083132_089dbe,089df2,083132,UNCONDITIONAL_CALL
egs52_call_083132_089dbe,089df8,0826f6,UNCONDITIONAL_CALL
egs52_call_083132_089dbe,089e1c,083132,UNCONDITIONAL_CALL
egs52_transform_far_memory_089e22,089e52,083132,UNCONDITIONAL_CALL
egs52_call_089ef6_089e7e,089e7e,089ef6,UNCONDITIONAL_CALL
egs52_call_089fc0_089e84,089e84,089fc0,UNCONDITIONAL_CALL
egs52_update_near_f439_089e8a,089eee,0894ca,UNCONDITIONAL_CALL
egs52_update_near_f438_089ef6,089fb0,0894ca,UNCONDITIONAL_CALL
egs52_call_089fc6_089fc0,089fc0,089fc6,UNCONDITIONAL_CALL
egs52_divide_s32_registers,0921a2,0921ce,UNCONDITIONAL_CALL
egs52_application_startup,093d34,092780,UNCONDITIONAL_CALL
egs52_application_startup,093d42,0a7b9e,UNCONDITIONAL_CALL
egs52_call_09cb2e_093d4c,093d5a,09cb2e,UNCONDITIONAL_CALL
egs52_update_near_c040_093d60,093d84,09ceaa,UNCONDITIONAL_CALL
egs52_update_near_c040_093de4,093df2,09e9da,UNCONDITIONAL_CALL
egs52_update_near_c043_093e10,093eaa,09eee4,UNCONDITIONAL_CALL
egs52_update_near_c043_093e10,093ede,09eee4,UNCONDITIONAL_CALL
egs52_read_indexed_word_c044,093f06,09ed56,UNCONDITIONAL_CALL
egs52_update_near_c068_093f90,093fa2,094d98,UNCONDITIONAL_CALL
egs52_update_near_c068_093f90,093faa,094194,UNCONDITIONAL_CALL
egs52_update_near_c068_093f90,093fca,094d98,UNCONDITIONAL_CALL
egs52_update_near_c068_093f90,093fd2,094194,UNCONDITIONAL_CALL
egs52_update_near_c068_093f90,093ff4,094d98,UNCONDITIONAL_CALL
egs52_update_near_c068_093f90,093ffc,094194,UNCONDITIONAL_CALL
egs52_update_near_c068_093f90,09401e,0964d2,UNCONDITIONAL_CALL
egs52_update_near_c068_093f90,094068,0964d2,UNCONDITIONAL_CALL
egs52_update_near_c068_093f90,094082,0964d2,UNCONDITIONAL_CALL
egs52_update_near_c068_093f90,0940a4,0964d2,UNCONDITIONAL_CALL
egs52_update_near_c068_093f90,0940bc,0964d2,UNCONDITIONAL_CALL
egs52_update_near_c068_093f90,0940d4,0964d2,UNCONDITIONAL_CALL
egs52_update_near_c068_093f90,0940ec,0964d2,UNCONDITIONAL_CALL
egs52_call_0a0000_094156,094156,0a0000,UNCONDITIONAL_CALL
egs52_call_0a00aa_09415c,09415c,0a00aa,UNCONDITIONAL_CALL
egs52_call_0a00c6_094162,094162,0a00c6,UNCONDITIONAL_CALL
egs52_call_0a00d4_094168,094168,0a00d4,UNCONDITIONAL_CALL
egs52_call_0a00d4_094168,09416c,0a013e,UNCONDITIONAL_CALL
egs52_call_0a01a8_094172,094172,0a01a8,UNCONDITIONAL_CALL
egs52_call_0a0302_094178,094178,0a0302,UNCONDITIONAL_CALL
egs52_forward_byte_to_0a08ee,09418e,0a08ee,UNCONDITIONAL_CALL
egs52_read_c34e_forwarder,094194,0a097e,UNCONDITIONAL_CALL
egs52_update_near_cab6_09419a,09428c,0a0770,UNCONDITIONAL_CALL
egs52_update_near_cab6_09419a,094312,09488a,UNCONDITIONAL_CALL
egs52_update_near_cab6_09419a,094346,092226,UNCONDITIONAL_CALL
egs52_update_near_cab6_09419a,09434e,09492a,UNCONDITIONAL_CALL
egs52_update_near_cab6_09419a,09437c,092226,UNCONDITIONAL_CALL
egs52_update_near_cab6_09419a,094384,09492a,UNCONDITIONAL_CALL
egs52_update_near_cab6_09419a,0943b2,09492a,UNCONDITIONAL_CALL
egs52_update_near_cab6_09419a,0943ba,09492a,UNCONDITIONAL_CALL
egs52_update_near_cab6_09419a,0943ee,0a081a,UNCONDITIONAL_CALL
egs52_update_near_cab6_09419a,094608,0a454e,UNCONDITIONAL_CALL
egs52_update_near_cab6_09419a,09460c,094840,UNCONDITIONAL_CALL
egs52_update_near_cab6_09419a,0946e6,094840,UNCONDITIONAL_CALL
egs52_update_near_cab6_09419a,094718,092226,UNCONDITIONAL_CALL
egs52_update_near_cab6_09419a,094720,09492a,UNCONDITIONAL_CALL
egs52_update_near_cab6_09419a,094728,09492a,UNCONDITIONAL_CALL
egs52_update_near_cab6_09419a,0947b0,09488a,UNCONDITIONAL_CALL
egs52_update_near_cab6_09419a,0947da,09492a,UNCONDITIONAL_CALL
egs52_update_near_cab6_09419a,0947e0,09492a,UNCONDITIONAL_CALL
egs52_update_near_cab6_09419a,0947ec,092226,UNCONDITIONAL_CALL
egs52_update_near_cab6_09419a,094820,0a0770,UNCONDITIONAL_CALL
egs52_call_09419a_094830,094838,09419a,UNCONDITIONAL_CALL
egs52_update_near_cab6_094840,09487c,0a0770,UNCONDITIONAL_CALL
egs52_call_09488a_094884,094884,09488a,UNCONDITIONAL_CALL
egs52_update_near_cab6_09488a,09490c,0a0770,UNCONDITIONAL_CALL
egs52_call_094924_09491e,09491e,094924,UNCONDITIONAL_CALL
egs52_call_09492a_094924,094924,09492a,UNCONDITIONAL_CALL
egs52_update_operating_masks,0949c4,097938,UNCONDITIONAL_CALL
egs52_update_operating_masks,0949d4,09792e,UNCONDITIONAL_CALL
egs52_update_operating_masks,0949e8,09792e,UNCONDITIONAL_CALL
egs52_update_operating_masks,094a34,097634,UNCONDITIONAL_CALL
egs52_update_operating_masks,094a3c,097676,UNCONDITIONAL_CALL
egs52_update_operating_masks,094a6e,094162,UNCONDITIONAL_CALL
egs52_update_operating_masks,094a72,094194,UNCONDITIONAL_CALL
egs52_update_operating_masks,094a84,094188,UNCONDITIONAL_CALL
egs52_update_operating_masks,094a88,094156,UNCONDITIONAL_CALL
egs52_update_operating_masks,094a8c,09415c,UNCONDITIONAL_CALL
egs52_update_operating_masks,094a94,097634,UNCONDITIONAL_CALL
egs52_update_operating_masks,094a9c,097676,UNCONDITIONAL_CALL
egs52_update_operating_masks,094ab0,094162,UNCONDITIONAL_CALL
egs52_update_operating_masks,094ab8,094188,UNCONDITIONAL_CALL
egs52_update_operating_masks,094abc,094156,UNCONDITIONAL_CALL
egs52_update_operating_masks,094ac0,09415c,UNCONDITIONAL_CALL
egs52_update_operating_masks,094ae4,097634,UNCONDITIONAL_CALL
egs52_update_operating_masks,094aea,097676,UNCONDITIONAL_CALL
egs52_update_operating_masks,094b26,097634,UNCONDITIONAL_CALL
egs52_update_operating_masks,094b2c,097676,UNCONDITIONAL_CALL
egs52_update_operating_masks,094b30,0994ba,UNCONDITIONAL_CALL
egs52_update_operating_masks,094b74,097634,UNCONDITIONAL_CALL
egs52_update_operating_masks,094b7a,097676,UNCONDITIONAL_CALL
egs52_update_operating_masks,094b7e,0994ba,UNCONDITIONAL_CALL
egs52_update_operating_masks,094bba,097634,UNCONDITIONAL_CALL
egs52_update_operating_masks,094bc0,097676,UNCONDITIONAL_CALL
egs52_update_operating_masks,094c02,0e352c,UNCONDITIONAL_CALL
egs52_update_operating_masks,094c0c,097634,UNCONDITIONAL_CALL
egs52_update_operating_masks,094c12,097676,UNCONDITIONAL_CALL
egs52_update_operating_masks,094c34,0e347a,UNCONDITIONAL_CALL
egs52_update_operating_masks,094c4a,094162,UNCONDITIONAL_CALL
egs52_update_operating_masks,094c4e,094194,UNCONDITIONAL_CALL
egs52_update_operating_masks,094c5e,094188,UNCONDITIONAL_CALL
egs52_update_operating_masks,094c62,094156,UNCONDITIONAL_CALL
egs52_update_operating_masks,094c66,09415c,UNCONDITIONAL_CALL
egs52_update_operating_masks,094c6e,097634,UNCONDITIONAL_CALL
egs52_update_operating_masks,094c76,097676,UNCONDITIONAL_CALL
egs52_update_operating_masks,094c9a,094162,UNCONDITIONAL_CALL
egs52_update_operating_masks,094ca2,094188,UNCONDITIONAL_CALL
egs52_update_operating_masks,094ca6,094156,UNCONDITIONAL_CALL
egs52_update_operating_masks,094caa,09415c,UNCONDITIONAL_CALL
egs52_update_operating_masks,094cbc,0e3476,UNCONDITIONAL_CALL
egs52_update_operating_masks,094cd6,097634,UNCONDITIONAL_CALL
egs52_update_operating_masks,094cde,097676,UNCONDITIONAL_CALL
egs52_update_operating_masks,094d10,0e3436,UNCONDITIONAL_CALL
egs52_update_operating_masks,094d2a,097634,UNCONDITIONAL_CALL
egs52_update_operating_masks,094d32,097676,UNCONDITIONAL_CALL
egs52_update_operating_masks,094d3a,095124,UNCONDITIONAL_CALL
egs52_update_operating_masks,094d7e,097634,UNCONDITIONAL_CALL
egs52_update_operating_masks,094d86,097676,UNCONDITIONAL_CALL
egs52_update_operating_masks,094d8a,09699c,UNCONDITIONAL_CALL
egs52_compute_from_near_c06e_094d98,094d98,097904,UNCONDITIONAL_CALL
egs52_compute_from_near_c100_094db4,094dc4,094980,UNCONDITIONAL_CALL
egs52_update_near_c086_094dd2,094dd2,0964d2,UNCONDITIONAL_CALL
egs52_update_near_c086_094dd2,094ddc,094dfe,UNCONDITIONAL_CALL
egs52_update_near_c086_094dd2,094de4,0964d2,UNCONDITIONAL_CALL
egs52_update_near_c086_094dd2,094dee,094e88,UNCONDITIONAL_CALL
egs52_call_0964d2_094dfe,094e00,0964d2,UNCONDITIONAL_CALL
egs52_call_0964d2_094e18,094e18,0964d2,UNCONDITIONAL_CALL
egs52_call_0964d2_094e18,094e22,0981ca,UNCONDITIONAL_CALL
egs52_call_0964d2_094e18,094e36,09fbc0,UNCONDITIONAL_CALL
egs52_call_0964d2_094e18,094e40,09fbc0,UNCONDITIONAL_CALL
egs52_call_0964d2_094e18,094e4c,09fbc0,UNCONDITIONAL_CALL
egs52_call_0964d2_094e52,094e52,0964d2,UNCONDITIONAL_CALL
egs52_call_0964d2_094e52,094e68,0a1b8c,UNCONDITIONAL_CALL
egs52_call_0964d2_094e52,094e72,094dfe,UNCONDITIONAL_CALL
egs52_call_0964d2_094e52,094e7a,094dfe,UNCONDITIONAL_CALL
egs52_call_0964d2_094e52,094e82,094dfe,UNCONDITIONAL_CALL
egs52_update_near_fd26_094e88,094e8c,0964d2,UNCONDITIONAL_CALL
egs52_update_near_fd26_094e88,094ec4,09c462,UNCONDITIONAL_CALL
egs52_call_0964d2_094eda,094edc,0964d2,UNCONDITIONAL_CALL
egs52_call_0964d2_094eda,094f00,094d98,UNCONDITIONAL_CALL
egs52_call_0964d2_094eda,094f0c,09c462,UNCONDITIONAL_CALL
egs52_call_0964d2_094eda,094f1a,09fbc0,UNCONDITIONAL_CALL
egs52_call_0964d2_094eda,094f24,09fbc0,UNCONDITIONAL_CALL
egs52_call_0964d2_094eda,094f2e,09fbc0,UNCONDITIONAL_CALL
egs52_call_0964d2_094eda,094f3a,09fbc0,UNCONDITIONAL_CALL
egs52_update_near_fd26_094f42,094f42,094d98,UNCONDITIONAL_CALL
egs52_update_near_fd26_094f42,094f56,094e88,UNCONDITIONAL_CALL
egs52_update_near_fd26_094f42,094f64,094f96,UNCONDITIONAL_CALL
egs52_update_near_fd26_094f42,094f76,0a1b8c,UNCONDITIONAL_CALL
egs52_update_near_fd26_094f42,094f80,094e88,UNCONDITIONAL_CALL
egs52_update_near_fd26_094f42,094f88,094e88,UNCONDITIONAL_CALL
egs52_update_near_fd26_094f42,094f90,094e88,UNCONDITIONAL_CALL
egs52_update_near_c086_094f96,094fa8,0a1b8c,UNCONDITIONAL_CALL
egs52_update_near_c086_094f96,094fb8,0a1b8c,UNCONDITIONAL_CALL
egs52_update_near_c086_094f96,094fc8,0a1b8c,UNCONDITIONAL_CALL
egs52_update_near_c086_094f96,094fd8,0a1b8c,UNCONDITIONAL_CALL
egs52_update_near_c086_094f96,094fea,09cb22,UNCONDITIONAL_CALL
egs52_update_near_c086_094f96,095018,0a1b8c,UNCONDITIONAL_CALL
egs52_update_near_c086_094f96,095026,0a1b8c,UNCONDITIONAL_CALL
egs52_update_near_c086_094f96,095034,0a1b8c,UNCONDITIONAL_CALL
egs52_update_near_c086_094f96,09503c,094d98,UNCONDITIONAL_CALL
egs52_update_near_c086_094f96,095044,0964d2,UNCONDITIONAL_CALL
egs52_update_near_c086_094f96,095076,09cb22,UNCONDITIONAL_CALL
egs52_update_near_c086_094f96,09507e,09cb22,UNCONDITIONAL_CALL
egs52_update_near_c086_094f96,0950b0,0a1b8c,UNCONDITIONAL_CALL
egs52_update_near_c086_094f96,0950be,0a1b8c,UNCONDITIONAL_CALL
egs52_update_near_c086_094f96,0950cc,0a1b8c,UNCONDITIONAL_CALL
egs52_update_near_c086_0950e0,0950e6,0a1b8c,UNCONDITIONAL_CALL
egs52_update_near_c086_0950e0,0950f4,0a1b8c,UNCONDITIONAL_CALL
egs52_update_near_c086_0950e0,095102,0a1b8c,UNCONDITIONAL_CALL
egs52_call_0a2d18_09512a,09512a,0a2d18,UNCONDITIONAL_CALL
egs52_update_near_c0bc_095130,095150,095286,COMPUTED_JUMP
egs52_update_near_c0bc_095130,095150,0959c6,COMPUTED_JUMP
egs52_update_near_c0bc_095130,095150,095152,COMPUTED_JUMP
egs52_update_near_c0bc_095130,095150,095870,COMPUTED_JUMP
egs52_update_near_c0bc_095130,095150,09566c,COMPUTED_JUMP
egs52_update_near_c0bc_095130,095150,09516a,COMPUTED_JUMP
egs52_update_near_c0bc_095130,095150,0959da,COMPUTED_JUMP
egs52_update_near_c0bc_095130,095150,095a8a,COMPUTED_JUMP
egs52_update_near_c0bc_095130,095150,095468,COMPUTED_JUMP
egs52_update_near_c0bc_095130,095158,0a3ca8,UNCONDITIONAL_CALL
egs52_update_near_c0bc_095130,09517a,0a3d02,UNCONDITIONAL_CALL
egs52_update_near_c0bc_095130,0952c8,0a350e,UNCONDITIONAL_CALL
egs52_update_near_c0bc_095130,0952e6,095b6a,UNCONDITIONAL_CALL
egs52_update_near_c0bc_095130,0952f4,0a3b10,UNCONDITIONAL_CALL
egs52_update_near_c0bc_095130,095352,0a350e,UNCONDITIONAL_CALL
egs52_update_near_c0bc_095130,09536e,09fbc0,UNCONDITIONAL_CALL
egs52_update_near_c0bc_095130,09537a,09fbc0,UNCONDITIONAL_CALL
egs52_update_near_c0bc_095130,0953d6,0a350e,UNCONDITIONAL_CALL
egs52_update_near_c0bc_095130,0953f4,0a3424,UNCONDITIONAL_CALL
egs52_update_near_c0bc_095130,095440,0a350e,UNCONDITIONAL_CALL
egs52_update_near_c0bc_095130,09547a,0a3424,UNCONDITIONAL_CALL
egs52_update_near_c0bc_095130,09549e,0a3b10,UNCONDITIONAL_CALL
egs52_update_near_c0bc_095130,0954b4,0954b6,COMPUTED_JUMP
egs52_update_near_c0bc_095130,0954b4,095aa6,COMPUTED_JUMP
egs52_update_near_c0bc_095130,0954b4,095556,COMPUTED_JUMP
egs52_update_near_c0bc_095130,0954b4,0955e4,COMPUTED_JUMP
egs52_update_near_c0bc_095130,0954b4,095500,COMPUTED_JUMP
egs52_update_near_c0bc_095130,0954b4,095608,COMPUTED_JUMP
egs52_update_near_c0bc_095130,0954c4,0a180a,UNCONDITIONAL_CALL
egs52_update_near_c0bc_095130,0954e8,0a3424,UNCONDITIONAL_CALL
egs52_update_near_c0bc_095130,09550e,0a180a,UNCONDITIONAL_CALL
egs52_update_near_c0bc_095130,095530,0a3424,UNCONDITIONAL_CALL
egs52_update_near_c0bc_095130,095566,09fbc0,UNCONDITIONAL_CALL
egs52_update_near_c0bc_095130,095572,09fbc0,UNCONDITIONAL_CALL
egs52_update_near_c0bc_095130,09559c,0a180a,UNCONDITIONAL_CALL
egs52_update_near_c0bc_095130,0955be,0a3424,UNCONDITIONAL_CALL
egs52_update_near_c0bc_095130,0955f0,0a3424,UNCONDITIONAL_CALL
egs52_update_near_c0bc_095130,095616,0a180a,UNCONDITIONAL_CALL
egs52_update_near_c0bc_095130,095638,0a3424,UNCONDITIONAL_CALL
egs52_update_near_c0bc_095130,09567e,0a3424,UNCONDITIONAL_CALL
egs52_update_near_c0bc_095130,0956a2,0a3b10,UNCONDITIONAL_CALL
egs52_update_near_c0bc_095130,0956b8,095aa6,COMPUTED_JUMP
egs52_update_near_c0bc_095130,0956b8,095704,COMPUTED_JUMP
egs52_update_near_c0bc_095130,0956b8,09580c,COMPUTED_JUMP
egs52_update_near_c0bc_095130,0956b8,0956ba,COMPUTED_JUMP
egs52_update_near_c0bc_095130,0956b8,09575a,COMPUTED_JUMP
egs52_update_near_c0bc_095130,0956b8,0957e8,COMPUTED_JUMP
egs52_update_near_c0bc_095130,0956c8,0a2a92,UNCONDITIONAL_CALL
egs52_update_near_c0bc_095130,0956ec,0a3424,UNCONDITIONAL_CALL
egs52_update_near_c0bc_095130,095712,0a2a92,UNCONDITIONAL_CALL
egs52_update_near_c0bc_095130,095734,0a3424,UNCONDITIONAL_CALL
egs52_update_near_c0bc_095130,09576a,09fbc0,UNCONDITIONAL_CALL
egs52_update_near_c0bc_095130,095776,09fbc0,UNCONDITIONAL_CALL
egs52_update_near_c0bc_095130,0957a0,0a2a92,UNCONDITIONAL_CALL
egs52_update_near_c0bc_095130,0957c2,0a3424,UNCONDITIONAL_CALL
egs52_update_near_c0bc_095130,0957f4,0a3424,UNCONDITIONAL_CALL
egs52_update_near_c0bc_095130,09581a,0a2a92,UNCONDITIONAL_CALL
egs52_update_near_c0bc_095130,09583c,0a3424,UNCONDITIONAL_CALL
egs52_update_near_c0bc_095130,095882,0a3424,UNCONDITIONAL_CALL
egs52_update_near_c0bc_095130,0958a6,0a3b10,UNCONDITIONAL_CALL
egs52_update_near_c0bc_095130,0958bc,095aa6,COMPUTED_JUMP
egs52_update_near_c0bc_095130,0958bc,0958d0,COMPUTED_JUMP
egs52_update_near_c0bc_095130,0958bc,095980,COMPUTED_JUMP
egs52_update_near_c0bc_095130,0958bc,0958be,COMPUTED_JUMP
egs52_update_near_c0bc_095130,0958bc,09595c,COMPUTED_JUMP
egs52_update_near_c0bc_095130,0958bc,0958fa,COMPUTED_JUMP
egs52_update_near_c0bc_095130,0958c2,0a17de,UNCONDITIONAL_CALL
egs52_update_near_c0bc_095130,0958d4,0a17de,UNCONDITIONAL_CALL
egs52_update_near_c0bc_095130,09590a,09fbc0,UNCONDITIONAL_CALL
egs52_update_near_c0bc_095130,095916,09fbc0,UNCONDITIONAL_CALL
egs52_update_near_c0bc_095130,095936,0a17de,UNCONDITIONAL_CALL
egs52_update_near_c0bc_095130,095968,0a3424,UNCONDITIONAL_CALL
egs52_update_near_c0bc_095130,095984,0a17de,UNCONDITIONAL_CALL
egs52_update_near_c0bc_095130,0959c6,0a3e0c,UNCONDITIONAL_CALL
egs52_update_near_c0bc_095130,095a6c,0a33b2,UNCONDITIONAL_CALL
egs52_update_near_c0bc_095130,095a90,09fbc0,UNCONDITIONAL_CALL
egs52_update_near_c0bc_095130,095a9a,09fbc0,UNCONDITIONAL_CALL
egs52_call_095b6a_095abc,095ac2,095b6a,UNCONDITIONAL_CALL
egs52_call_095b6a_095abc,095ace,0a2fba,UNCONDITIONAL_CALL
egs52_call_095b6a_095b38,095b44,095b6a,UNCONDITIONAL_CALL
egs52_call_095b6a_095b38,095b52,0a3b10,UNCONDITIONAL_CALL
egs52_call_0a3d02_095b58,095b64,0a3d02,UNCONDITIONAL_CALL
egs52_update_near_c0c6_095bbc,095bc6,0a130c,UNCONDITIONAL_CALL
egs52_update_near_c0c6_095bbc,095bd4,0a27c2,UNCONDITIONAL_CALL
egs52_update_near_c0c6_095bbc,095c48,0a1c96,UNCONDITIONAL_CALL
egs52_update_near_c0c6_095bbc,095c4e,095f00,UNCONDITIONAL_CALL
egs52_update_near_c0c6_095bbc,095c60,0a160c,UNCONDITIONAL_CALL
egs52_update_near_c0c6_095bbc,095c76,0a2fba,UNCONDITIONAL_CALL
egs52_update_near_c0c6_095bbc,095cc6,0a2fba,UNCONDITIONAL_CALL
egs52_update_near_c0c6_095bbc,095d34,0a2b52,UNCONDITIONAL_CALL
egs52_update_near_c0c6_095bbc,095d3c,095f00,UNCONDITIONAL_CALL
egs52_update_near_c0c6_095bbc,095d54,0a283e,UNCONDITIONAL_CALL
egs52_update_near_c0c6_095bbc,095d6a,0a2fba,UNCONDITIONAL_CALL
egs52_update_near_c0c6_095bbc,095dbc,0a2fba,UNCONDITIONAL_CALL
egs52_update_near_c0c6_095bbc,095e04,0a1586,UNCONDITIONAL_CALL
egs52_update_near_c0c6_095bbc,095e28,0a2fba,UNCONDITIONAL_CALL
egs52_update_near_c0c6_095bbc,095e88,0a2fba,UNCONDITIONAL_CALL
egs52_update_near_c0c6_095bbc,095ebe,095abc,UNCONDITIONAL_CALL
egs52_update_near_c0d4_095f04,095f20,095abc,UNCONDITIONAL_CALL
egs52_update_near_c0d4_095f04,095f46,095abc,UNCONDITIONAL_CALL
egs52_update_near_c0d4_095f04,095f66,0a3d02,UNCONDITIONAL_CALL
egs52_copy_six_status_bytes,095fa0,092248,UNCONDITIONAL_CALL
egs52_call_09fbc0_095fa8,095fd6,09fbc0,UNCONDITIONAL_CALL
egs52_call_09fbc0_095fa8,095fe2,09fbc0,UNCONDITIONAL_CALL
egs52_call_09fbc0_095fa8,095ff4,09fbc0,UNCONDITIONAL_CALL
egs52_call_09fbc0_095fa8,096000,09fbc0,UNCONDITIONAL_CALL
egs52_transform_memory_09600a,09600c,094dcc,UNCONDITIONAL_CALL
egs52_transform_memory_09600a,096048,092248,UNCONDITIONAL_CALL
egs52_transform_memory_09600a,096058,092248,UNCONDITIONAL_CALL
egs52_transform_memory_09600a,096060,0e352c,UNCONDITIONAL_CALL
egs52_transform_memory_09600a,096072,092248,UNCONDITIONAL_CALL
egs52_transform_memory_09600a,096082,092248,UNCONDITIONAL_CALL
egs52_transform_memory_09600a,09608c,097634,UNCONDITIONAL_CALL
egs52_transform_memory_09600a,096092,097676,UNCONDITIONAL_CALL
egs52_transform_memory_09600a,0960fa,092248,UNCONDITIONAL_CALL
egs52_transform_memory_09600a,09610a,092248,UNCONDITIONAL_CALL
egs52_update_near_d2ae_09613e,0961c0,0a475e,UNCONDITIONAL_CALL
egs52_update_near_d2ae_09613e,0961ce,09c462,UNCONDITIONAL_CALL
egs52_update_near_d2ae_09613e,0961de,09c462,UNCONDITIONAL_CALL
egs52_update_near_d2ae_09613e,0961ee,09c462,UNCONDITIONAL_CALL
egs52_update_near_d2ae_09613e,0961fe,0e34dc,UNCONDITIONAL_CALL
egs52_update_near_d2ae_09613e,096210,09f6de,UNCONDITIONAL_CALL
egs52_update_near_d2ae_09613e,09621a,09f6de,UNCONDITIONAL_CALL
egs52_update_near_d2ae_09613e,09622c,09f6de,UNCONDITIONAL_CALL
egs52_update_near_d2ae_09613e,096236,09f6de,UNCONDITIONAL_CALL
egs52_update_near_d2ae_09613e,096264,0a476e,UNCONDITIONAL_CALL
egs52_update_near_d2ae_09613e,09626e,0a47a8,UNCONDITIONAL_CALL
egs52_update_near_d3da_09629a,0962cc,096f56,UNCONDITIONAL_CALL
egs52_update_near_d3da_09629a,0962e6,09f510,UNCONDITIONAL_CALL
egs52_update_near_d3da_09629a,0962fc,096f56,UNCONDITIONAL_CALL
egs52_update_near_d3da_09629a,096316,09f510,UNCONDITIONAL_CALL
egs52_update_near_d3da_09629a,09632a,09653c,UNCONDITIONAL_CALL
egs52_update_near_c106_096330,0963ea,0a1b8c,UNCONDITIONAL_CALL
egs52_update_near_c106_096330,0963f6,0a1b8c,UNCONDITIONAL_CALL
egs52_update_near_c106_096330,096402,0a1b8c,UNCONDITIONAL_CALL
egs52_update_near_c106_096330,096410,0a1b8c,UNCONDITIONAL_CALL
egs52_update_near_c106_096330,09641e,0a1b8c,UNCONDITIONAL_CALL
egs52_update_near_c106_096330,09642c,0a1b8c,UNCONDITIONAL_CALL
egs52_update_near_c106_096330,096438,0a1b8c,UNCONDITIONAL_CALL
egs52_update_near_c106_096330,096444,0a1b8c,UNCONDITIONAL_CALL
egs52_update_near_c106_096330,096450,0a1b8c,UNCONDITIONAL_CALL
egs52_call_0d02e2_096490,096490,0d02e2,UNCONDITIONAL_CALL
egs52_call_0a4f28_0964aa,0964ac,0a4f28,UNCONDITIONAL_CALL
egs52_update_near_c105_0964b2,0964be,095abc,UNCONDITIONAL_CALL
egs52_call_0a1dd2_0964cc,0964cc,0a1dd2,UNCONDITIONAL_CALL
egs52_call_097e9e_09652c,096536,097e9e,UNCONDITIONAL_CALL
egs52_update_near_d3e2_09653c,09653c,097ea4,UNCONDITIONAL_CALL
egs52_update_near_d3e2_09653c,096544,097fe4,UNCONDITIONAL_CALL
egs52_call_097b0a_09655e,09655e,097b0a,UNCONDITIONAL_CALL
egs52_update_near_c112_096564,096586,09ff9a,UNCONDITIONAL_CALL
egs52_call_0a4426_0965a8,0965a8,0a4426,UNCONDITIONAL_CALL
egs52_update_near_f878_0965b0,0965c0,0965a8,UNCONDITIONAL_CALL
egs52_update_near_f878_0965b0,0965cc,0a4270,UNCONDITIONAL_CALL
egs52_update_near_c10a_0965d2,0965d2,09ed56,UNCONDITIONAL_CALL
egs52_update_near_c10a_0965d2,0965da,09ef1e,UNCONDITIONAL_CALL
egs52_update_near_c10a_0965d2,096612,092226,UNCONDITIONAL_CALL
egs52_update_near_c10a_0965d2,09663c,09fbc0,UNCONDITIONAL_CALL
egs52_update_near_c10a_0965d2,096648,09fbc0,UNCONDITIONAL_CALL
egs52_update_near_c10a_0965d2,09665e,09fbc0,UNCONDITIONAL_CALL
egs52_update_near_c10a_0965d2,09666a,09fbc0,UNCONDITIONAL_CALL
egs52_update_near_c10a_0965d2,096680,09fbc0,UNCONDITIONAL_CALL
egs52_update_near_c10a_0965d2,09668c,09fbc0,UNCONDITIONAL_CALL
egs52_update_near_c10a_0965d2,0966a6,09ed56,UNCONDITIONAL_CALL
egs52_update_near_c10a_0965d2,0966ae,094d98,UNCONDITIONAL_CALL
egs52_update_near_c10a_0965d2,0966b6,093f8a,UNCONDITIONAL_CALL
egs52_update_near_c10a_0965d2,0966c6,093f04,UNCONDITIONAL_CALL
egs52_update_near_c10a_0965d2,096706,09fbc0,UNCONDITIONAL_CALL
egs52_update_near_c10a_0965d2,09672a,093e10,UNCONDITIONAL_CALL
egs52_update_near_c10a_0965d2,09673e,09fbc0,UNCONDITIONAL_CALL
egs52_update_near_c10a_0965d2,096750,093e10,UNCONDITIONAL_CALL
egs52_update_near_c116_09677a,09677a,0987a2,UNCONDITIONAL_CALL
egs52_compute_from_near_c116_096786,096786,09885c,UNCONDITIONAL_CALL
egs52_update_near_d3e8_096794,0967a2,097904,UNCONDITIONAL_CALL
egs52_update_near_d3e8_096794,0967aa,0990f6,UNCONDITIONAL_CALL
egs52_update_near_d3e8_096794,0967ca,0a1b8c,UNCONDITIONAL_CALL
egs52_update_near_d3e8_096794,0967d8,0a10ec,UNCONDITIONAL_CALL
egs52_update_near_d3e8_096794,0967e2,0a10ec,UNCONDITIONAL_CALL
egs52_update_near_d3e8_096794,0967ec,0a10ec,UNCONDITIONAL_CALL
egs52_update_near_d3e8_096794,0967f6,0a10ec,UNCONDITIONAL_CALL
egs52_update_near_d3e8_096794,096800,0a10ec,UNCONDITIONAL_CALL
egs52_update_near_d3e8_096794,09680a,0a10ec,UNCONDITIONAL_CALL
egs52_update_near_d3e8_096794,096816,0e3520,UNCONDITIONAL_CALL
egs52_update_near_d3e8_096794,096820,094dcc,UNCONDITIONAL_CALL
egs52_update_near_d3e8_096794,096842,09fbc0,UNCONDITIONAL_CALL
egs52_update_near_d3e8_096794,096848,09887a,UNCONDITIONAL_CALL
egs52_update_near_d3e8_096794,096868,09fbc0,UNCONDITIONAL_CALL
egs52_update_near_d3e8_096794,09686e,09887a,UNCONDITIONAL_CALL
egs52_update_near_d3e8_096794,09688e,09fbc0,UNCONDITIONAL_CALL
egs52_update_near_d3e8_096794,096894,09887a,UNCONDITIONAL_CALL
egs52_update_near_d3e8_096794,09689e,096962,UNCONDITIONAL_CALL
egs52_update_near_d3e8_096794,0968aa,098aaa,UNCONDITIONAL_CALL
egs52_update_near_d3e8_096794,0968ca,096988,UNCONDITIONAL_CALL
egs52_update_near_d3e8_096794,0968d2,09895a,UNCONDITIONAL_CALL
egs52_update_near_d3e8_096794,0968da,0989ea,UNCONDITIONAL_CALL
egs52_update_near_d3e8_096794,0968fa,096988,UNCONDITIONAL_CALL
egs52_update_near_d3e8_096794,096902,09895a,UNCONDITIONAL_CALL
egs52_update_near_d3e8_096794,09690a,0989ea,UNCONDITIONAL_CALL
egs52_update_near_d3e8_096794,09692a,096988,UNCONDITIONAL_CALL
egs52_update_near_d3e8_096794,096932,09895a,UNCONDITIONAL_CALL
egs52_update_near_d3e8_096794,09693a,0989ea,UNCONDITIONAL_CALL
egs52_update_near_c13e_0969a2,0969a2,0a56f0,UNCONDITIONAL_CALL
egs52_update_near_c13e_0969a2,0969b6,094980,UNCONDITIONAL_CALL
egs52_update_near_c13e_0969a2,0969ba,096490,UNCONDITIONAL_CALL
egs52_update_near_fd00_0969c0,0969c0,0965d2,UNCONDITIONAL_CALL
egs52_update_near_fd00_0969c0,0969c4,094dcc,UNCONDITIONAL_CALL
egs52_update_near_fd00_0969c0,0969ce,097350,UNCONDITIONAL_CALL
egs52_update_near_fd00_0969c0,0969d2,0994da,UNCONDITIONAL_CALL
egs52_compute_from_near_c13e_0969da,0969da,09b302,UNCONDITIONAL_CALL
egs52_compute_from_near_c13e_0969da,0969de,0a5490,UNCONDITIONAL_CALL
egs52_compute_from_near_c13e_0969da,0969e2,094dcc,UNCONDITIONAL_CALL
egs52_compute_from_near_c13e_0969da,0969ec,097350,UNCONDITIONAL_CALL
egs52_compute_from_near_c13e_0969da,0969f0,095130,UNCONDITIONAL_CALL
egs52_compute_from_near_c13e_0969da,0969f4,097350,UNCONDITIONAL_CALL
egs52_compute_from_near_c13e_0969da,096a00,0a476e,UNCONDITIONAL_CALL
egs52_compute_from_near_c12b_096a0e,096a0e,09f3f8,UNCONDITIONAL_CALL
egs52_compute_from_near_c12b_096a0e,096a14,0a4678,UNCONDITIONAL_CALL
egs52_update_near_c130_096a60,096a78,096564,UNCONDITIONAL_CALL
egs52_update_near_c130_096a60,096a7c,0965b0,UNCONDITIONAL_CALL
egs52_update_near_c130_096a60,096a80,0965ae,UNCONDITIONAL_CALL
egs52_update_near_c130_096a60,096a84,094dcc,UNCONDITIONAL_CALL
egs52_update_near_c130_096a60,096a8e,097350,UNCONDITIONAL_CALL
egs52_update_near_c130_096a60,096a92,097350,UNCONDITIONAL_CALL
egs52_update_near_c130_096a60,096ac2,0a4678,UNCONDITIONAL_CALL
egs52_update_near_c12a_096ad6,096b42,094d98,UNCONDITIONAL_CALL
egs52_update_near_c12a_096ad6,096b4a,094d98,UNCONDITIONAL_CALL
egs52_update_near_c12a_096ad6,096b58,0994c8,UNCONDITIONAL_CALL
egs52_update_near_c12a_096ad6,096c12,0a556c,UNCONDITIONAL_CALL
egs52_update_near_c12a_096ad6,096c16,094178,UNCONDITIONAL_CALL
egs52_update_near_c12a_096ad6,096c1a,0a51f2,UNCONDITIONAL_CALL
egs52_update_near_c12a_096ad6,096c1e,09f118,UNCONDITIONAL_CALL
egs52_update_near_c12a_096ad6,096c22,09613e,UNCONDITIONAL_CALL
egs52_update_near_c12a_096ad6,096c26,094f42,UNCONDITIONAL_CALL
egs52_update_near_c12a_096ad6,096c2a,094e52,UNCONDITIONAL_CALL
egs52_update_near_c12a_096ad6,096c2e,0d01aa,UNCONDITIONAL_CALL
egs52_update_near_c12a_096ad6,096c32,09600a,UNCONDITIONAL_CALL
egs52_update_near_c12a_096ad6,096c3e,094172,UNCONDITIONAL_CALL
egs52_update_near_c12a_096ad6,096c52,0a47f0,UNCONDITIONAL_CALL
egs52_update_near_c12a_096ad6,096c5e,0a47f0,UNCONDITIONAL_CALL
egs52_update_near_c12a_096ad6,096c62,09652c,UNCONDITIONAL_CALL
egs52_update_near_c12a_096ad6,096c66,096794,UNCONDITIONAL_CALL
egs52_update_near_c12a_096ad6,096c6a,094168,UNCONDITIONAL_CALL
egs52_update_near_c12a_096ad6,096c6e,098170,UNCONDITIONAL_CALL
egs52_update_near_c12a_096ad6,096c72,098bca,UNCONDITIONAL_CALL
egs52_update_near_c12a_096ad6,096c76,098002,UNCONDITIONAL_CALL
egs52_update_near_c12a_096ad6,096c7a,097678,UNCONDITIONAL_CALL
egs52_update_near_c12a_096ad6,096c7e,094eda,UNCONDITIONAL_CALL
egs52_update_near_c12a_096ad6,096c82,094e18,UNCONDITIONAL_CALL
egs52_update_near_c12a_096ad6,096c86,095b96,UNCONDITIONAL_CALL
egs52_update_near_c12a_096ad6,096cac,09950e,UNCONDITIONAL_CALL
egs52_update_near_c12a_096ad6,096cb0,0a2504,UNCONDITIONAL_CALL
egs52_update_near_c12a_096ad6,096cb4,0950e0,UNCONDITIONAL_CALL
egs52_update_near_c12a_096ad6,096cb8,0a58e2,UNCONDITIONAL_CALL
egs52_update_near_c12a_096ad6,096cbc,095fa8,UNCONDITIONAL_CALL
egs52_update_near_c12a_096ad6,096cc0,094d98,UNCONDITIONAL_CALL
egs52_update_near_c12a_096ad6,096ccc,0977f4,UNCONDITIONAL_CALL
egs52_update_near_c12a_096ad6,096cd0,094d98,UNCONDITIONAL_CALL
egs52_update_near_c12a_096ad6,096cdc,0994aa,UNCONDITIONAL_CALL
egs52_update_near_c12a_096ad6,096ce0,0994da,UNCONDITIONAL_CALL
egs52_update_near_c12a_096ad6,096d06,097b1a,UNCONDITIONAL_CALL
egs52_update_near_c12a_096ad6,096d0a,0a47d4,UNCONDITIONAL_CALL
egs52_update_near_c12a_096ad6,096d0e,09b222,UNCONDITIONAL_CALL
egs52_update_near_c12a_096ad6,096d12,094db4,UNCONDITIONAL_CALL
egs52_update_near_c12a_096ad6,096d1a,094980,UNCONDITIONAL_CALL
egs52_update_near_c12a_096ad6,096d24,095bbc,UNCONDITIONAL_CALL
egs52_update_near_c12a_096ad6,096d28,09629a,UNCONDITIONAL_CALL
egs52_update_near_c12a_096ad6,096d2c,09bbce,UNCONDITIONAL_CALL
egs52_update_near_c134_096d68,096d80,0a41b6,UNCONDITIONAL_CALL
egs52_update_near_c136_096dba,096dd2,0d01a8,UNCONDITIONAL_CALL
egs52_update_near_fc20_096e94,096ebc,096ece,UNCONDITIONAL_CALL
egs52_update_near_fd00_096eec,096f0a,096f10,UNCONDITIONAL_CALL
egs52_update_near_fc40_096f26,096f44,096f10,UNCONDITIONAL_CALL
egs52_update_near_fd00_096f56,096f72,09fbc0,UNCONDITIONAL_CALL
egs52_compute_from_near_f0a0_096fb6,096fbc,096f96,UNCONDITIONAL_CALL
egs52_compute_from_near_f0a0_096fb6,096fde,09fbc0,UNCONDITIONAL_CALL
egs52_update_near_c166_097172,09719e,09721c,UNCONDITIONAL_CALL
egs52_update_near_c166_097172,0971d0,09721c,UNCONDITIONAL_CALL
egs52_update_near_c166_0971e8,097206,09721c,UNCONDITIONAL_CALL
egs52_update_near_c168_09721c,097230,0a3f66,UNCONDITIONAL_CALL
egs52_update_near_c168_0972dc,097328,0a40c6,UNCONDITIONAL_CALL
egs52_update_near_c16e_097350,0973e2,0981ec,UNCONDITIONAL_CALL
egs52_update_near_c16e_097350,09740e,0981ec,UNCONDITIONAL_CALL
egs52_update_near_c16e_097350,09743c,098220,UNCONDITIONAL_CALL
egs52_update_near_c16e_097350,097468,098220,UNCONDITIONAL_CALL
egs52_update_near_c16e_097350,0974b2,098164,UNCONDITIONAL_CALL
egs52_update_near_c16e_097350,0974ce,098164,UNCONDITIONAL_CALL
egs52_update_near_c16e_097350,0974f6,097938,UNCONDITIONAL_CALL
egs52_update_near_c16e_097350,097520,09792e,UNCONDITIONAL_CALL
egs52_update_near_c16e_097350,097534,0a40c6,UNCONDITIONAL_CALL
egs52_update_near_c16e_097350,09753c,0a40c6,UNCONDITIONAL_CALL
egs52_update_near_c16e_097350,09754e,09792e,UNCONDITIONAL_CALL
egs52_update_near_c16e_097350,097556,098164,UNCONDITIONAL_CALL
egs52_update_near_c16e_097350,0975c0,0981ec,UNCONDITIONAL_CALL
egs52_update_near_c16e_097350,0975e2,098220,UNCONDITIONAL_CALL
egs52_update_near_c172_097610,09761c,09941e,UNCONDITIONAL_CALL
egs52_update_near_c172_097678,0976c0,096f56,UNCONDITIONAL_CALL
egs52_update_near_c172_097678,0976ce,0a1b8c,UNCONDITIONAL_CALL
egs52_update_near_c172_097678,0976dc,0a1b8c,UNCONDITIONAL_CALL
egs52_update_near_c172_097678,0976ea,0a1b8c,UNCONDITIONAL_CALL
egs52_update_near_c172_097678,097706,096f56,UNCONDITIONAL_CALL
egs52_update_near_c172_097678,09771e,0921b4,UNCONDITIONAL_CALL
egs52_update_near_c172_097678,09773c,09fbc0,UNCONDITIONAL_CALL
egs52_update_near_c172_097678,097748,09fbc0,UNCONDITIONAL_CALL
egs52_update_near_c172_097678,09776c,09956a,UNCONDITIONAL_CALL
egs52_update_near_c172_097678,09777c,096f56,UNCONDITIONAL_CALL
egs52_update_near_c172_097678,097786,096f56,UNCONDITIONAL_CALL
egs52_update_near_c172_097678,097796,09fbc0,UNCONDITIONAL_CALL
egs52_update_near_c172_097678,0977a2,09fbc0,UNCONDITIONAL_CALL
egs52_update_near_c172_097678,0977ec,09fbc0,UNCONDITIONAL_CALL
egs52_update_near_c170_0977f4,0977fa,09941e,UNCONDITIONAL_CALL
egs52_update_near_c170_0977f4,097812,094d98,UNCONDITIONAL_CALL
egs52_update_near_c170_0977f4,09784c,096fb6,UNCONDITIONAL_CALL
egs52_update_near_c170_0977f4,097856,096fb6,UNCONDITIONAL_CALL
egs52_update_near_c170_0977f4,097890,09fbc0,UNCONDITIONAL_CALL
egs52_update_near_c170_0977f4,0978ae,09fbc0,UNCONDITIONAL_CALL
egs52_update_near_c170_0977f4,0978c6,09fbc0,UNCONDITIONAL_CALL
egs52_update_near_c170_0977f4,0978e0,09fbc0,UNCONDITIONAL_CALL
egs52_update_near_c170_0977f4,0978f8,09fbc0,UNCONDITIONAL_CALL
egs52_call_097ad6_097b0a,097b0a,097ad6,UNCONDITIONAL_CALL
egs52_update_near_c178_097b40,097bca,0921b4,UNCONDITIONAL_CALL
egs52_update_near_c17a_097f16,097f66,0921b4,UNCONDITIONAL_CALL
egs52_update_near_c17a_097f16,097fd6,0921b4,UNCONDITIONAL_CALL
egs52_scale_c17a_to_u16,097ffc,0921b4,UNCONDITIONAL_CALL
egs52_compute_from_near_c0eb_098002,098002,097904,UNCONDITIONAL_CALL
egs52_compute_from_near_c0eb_098002,09800e,097904,UNCONDITIONAL_CALL
egs52_compute_from_near_c0eb_098002,09806e,09fbc0,UNCONDITIONAL_CALL
egs52_compute_from_near_c0eb_098002,098078,09fbc0,UNCONDITIONAL_CALL
egs52_compute_from_near_c0eb_098002,098080,0981ca,UNCONDITIONAL_CALL
egs52_compute_from_near_c0eb_098002,09808e,09fbc0,UNCONDITIONAL_CALL
egs52_compute_from_near_c0eb_098002,0980d8,09fbc0,UNCONDITIONAL_CALL
egs52_compute_from_near_c0eb_098002,0980e2,09fbc0,UNCONDITIONAL_CALL
egs52_compute_from_near_c0eb_098002,0980ee,09fbc0,UNCONDITIONAL_CALL
egs52_update_near_c18c_098254,098328,098170,UNCONDITIONAL_CALL
egs52_update_near_c18c_098254,0983a6,092118,UNCONDITIONAL_CALL
egs52_update_near_c18c_098254,098410,098170,UNCONDITIONAL_CALL
egs52_update_near_c18c_098254,09842c,098542,COMPUTED_JUMP
egs52_update_near_c18c_098254,09842c,0984f0,COMPUTED_JUMP
egs52_update_near_c18c_098254,09842c,09842e,COMPUTED_JUMP
egs52_update_near_c18c_098254,09842c,098458,COMPUTED_JUMP
egs52_update_near_c18c_098254,09842c,0985b8,COMPUTED_JUMP
egs52_update_near_c18c_098254,09842c,0985c8,COMPUTED_JUMP
egs52_update_near_c18c_098254,098518,092118,UNCONDITIONAL_CALL
egs52_update_near_c18c_098254,0986ce,098170,UNCONDITIONAL_CALL
egs52_update_near_c18c_098254,098710,098170,UNCONDITIONAL_CALL
egs52_update_near_c19c_0987a2,09883e,0989ea,UNCONDITIONAL_CALL
egs52_call_0987a2_09885c,09885c,0987a2,UNCONDITIONAL_CALL
egs52_update_near_c19d_09887a,09887e,097904,UNCONDITIONAL_CALL
egs52_update_near_c19d_09887a,09888a,097904,UNCONDITIONAL_CALL
egs52_update_near_c19f_09895a,09897a,09fbc0,UNCONDITIONAL_CALL
egs52_update_near_c19f_09895a,098996,09fbc0,UNCONDITIONAL_CALL
egs52_update_near_c19f_09895a,0989b4,09fbc0,UNCONDITIONAL_CALL
egs52_update_near_c19f_09895a,0989c8,098b9e,UNCONDITIONAL_CALL
egs52_transform_memory_098aaa,098ab6,098b9e,UNCONDITIONAL_CALL
egs52_call_09212e_098b9e,098bb6,09212e,UNCONDITIONAL_CALL
egs52_call_09212e_098b9e,098bc0,09214e,UNCONDITIONAL_CALL
egs52_call_097904_098bca,098bcc,097904,UNCONDITIONAL_CALL
egs52_call_097904_098bca,098bd8,097904,UNCONDITIONAL_CALL
egs52_call_097904_098bca,098be6,0981ca,UNCONDITIONAL_CALL
egs52_call_097904_098bca,098bec,0990f6,UNCONDITIONAL_CALL
egs52_call_097904_098bca,098bfc,09fbc0,UNCONDITIONAL_CALL
egs52_call_097904_098bca,098c02,0990f6,UNCONDITIONAL_CALL
egs52_call_097904_098bca,098c1c,09fbc0,UNCONDITIONAL_CALL
egs52_call_097904_098bca,098c26,09fbc0,UNCONDITIONAL_CALL
egs52_call_097904_098bca,098c3c,09fbc0,UNCONDITIONAL_CALL
egs52_call_097904_098bca,098c46,09fbc0,UNCONDITIONAL_CALL
egs52_call_097904_098bca,098c4a,0990f6,UNCONDITIONAL_CALL
egs52_call_097904_098bca,098c5a,09fbc0,UNCONDITIONAL_CALL
egs52_call_097904_098bca,098c60,0990f6,UNCONDITIONAL_CALL
egs52_call_097904_098bca,098c7a,09fbc0,UNCONDITIONAL_CALL
egs52_call_097904_098bca,098c84,09fbc0,UNCONDITIONAL_CALL
egs52_call_097904_098bca,098c9a,09fbc0,UNCONDITIONAL_CALL
egs52_call_097904_098bca,098ca4,09fbc0,UNCONDITIONAL_CALL
egs52_call_097904_098bca,098ca8,0990f6,UNCONDITIONAL_CALL
egs52_call_097904_098bca,098cb8,09fbc0,UNCONDITIONAL_CALL
egs52_call_097904_098bca,098cc0,0990f6,UNCONDITIONAL_CALL
egs52_call_097904_098bca,098cda,09fbc0,UNCONDITIONAL_CALL
egs52_call_097904_098bca,098ce4,09fbc0,UNCONDITIONAL_CALL
egs52_call_097904_098bca,098cfa,09fbc0,UNCONDITIONAL_CALL
egs52_call_097904_098bca,098d04,09fbc0,UNCONDITIONAL_CALL
egs52_call_097904_098bca,098d0e,09fbc0,UNCONDITIONAL_CALL
egs52_call_097904_098bca,098d16,09fbc0,UNCONDITIONAL_CALL
egs52_call_097904_098bca,098d1e,09fbc0,UNCONDITIONAL_CALL
egs52_call_097904_098bca,098d28,09fbc0,UNCONDITIONAL_CALL
egs52_call_097904_098bca,098d32,09fbc0,UNCONDITIONAL_CALL
egs52_call_097904_098bca,098d3c,09fbc0,UNCONDITIONAL_CALL
egs52_update_near_c19c_098d44,098d60,0e3520,UNCONDITIONAL_CALL
egs52_update_near_c19c_098d44,098d74,097904,UNCONDITIONAL_CALL
egs52_update_near_c19d_098de6,098e02,0e3520,UNCONDITIONAL_CALL
egs52_update_near_c19d_098de6,098e18,097904,UNCONDITIONAL_CALL
egs52_update_near_c19e_098e8a,098ea6,0e3520,UNCONDITIONAL_CALL
egs52_update_near_c19e_098e8a,098ebc,097904,UNCONDITIONAL_CALL
egs52_update_near_fcc0_098f2e,098f4c,096fb6,UNCONDITIONAL_CALL
egs52_update_near_fcc0_098f2e,098f80,09fbc0,UNCONDITIONAL_CALL
egs52_update_near_fcc0_098fc6,098fe4,096fb6,UNCONDITIONAL_CALL
egs52_update_near_fcc0_098fc6,099018,09fbc0,UNCONDITIONAL_CALL
egs52_update_near_fcc0_09905e,09907c,096fb6,UNCONDITIONAL_CALL
egs52_update_near_fcc0_09905e,0990b0,09fbc0,UNCONDITIONAL_CALL
egs52_update_near_f80c_099124,099124,0a58dc,UNCONDITIONAL_CALL
egs52_update_near_f80c_099124,09912c,0a58dc,UNCONDITIONAL_CALL
egs52_update_near_f80c_099124,09916e,09fbc0,UNCONDITIONAL_CALL
egs52_update_near_f80c_099124,09917a,09fbc0,UNCONDITIONAL_CALL
egs52_update_near_f80c_099124,09919c,09fbc0,UNCONDITIONAL_CALL
egs52_update_near_f80c_099124,0991a8,09fbc0,UNCONDITIONAL_CALL
egs52_update_near_f80c_099124,0991b8,09fbc0,UNCONDITIONAL_CALL
egs52_update_near_f80c_099124,0991c4,09fbc0,UNCONDITIONAL_CALL
egs52_update_near_f80c_099124,0991d2,09fbc0,UNCONDITIONAL_CALL
egs52_update_near_f80c_099124,0991de,09fbc0,UNCONDITIONAL_CALL
egs52_update_near_f80c_099124,0991f0,0a1d8c,UNCONDITIONAL_CALL
egs52_update_near_f80c_099124,099200,0a1d8c,UNCONDITIONAL_CALL
egs52_update_near_f80c_099124,09920c,09fbc0,UNCONDITIONAL_CALL
egs52_update_near_f80c_099124,099224,09fbc0,UNCONDITIONAL_CALL
egs52_update_near_f80c_099124,09922e,09fbc0,UNCONDITIONAL_CALL
egs52_update_near_f80c_099124,09923c,09fbc0,UNCONDITIONAL_CALL
egs52_update_near_f80c_099124,099248,09fbc0,UNCONDITIONAL_CALL
egs52_update_near_f80c_099124,09924c,0a58dc,UNCONDITIONAL_CALL
egs52_update_near_f80c_099124,099290,094980,UNCONDITIONAL_CALL
egs52_update_near_f80a_0993d6,0993e6,094980,UNCONDITIONAL_CALL
egs52_update_near_f80a_0993d6,0993f0,09fbc0,UNCONDITIONAL_CALL
egs52_update_near_f80a_099400,099406,09fbc0,UNCONDITIONAL_CALL
egs52_update_near_c1aa_09945a,099466,09941e,UNCONDITIONAL_CALL
egs52_update_near_c1aa_09945a,09946e,09941e,UNCONDITIONAL_CALL
egs52_update_near_c1aa_09945a,09947c,094980,UNCONDITIONAL_CALL
egs52_update_near_c1aa_09945a,099480,0993cc,UNCONDITIONAL_CALL
egs52_update_near_c1aa_09945a,09948a,0994da,UNCONDITIONAL_CALL
egs52_update_near_c1aa_09945a,0994a0,0994da,UNCONDITIONAL_CALL
egs52_update_near_c1aa_09945a,0994a4,099400,UNCONDITIONAL_CALL
egs52_update_near_c1aa_0994ba,0994ba,0993f6,UNCONDITIONAL_CALL
egs52_update_near_c1aa_0994da,099508,094980,UNCONDITIONAL_CALL
egs52_update_near_c1aa_09950e,09951e,094980,UNCONDITIONAL_CALL
egs52_update_near_c1aa_09950e,099522,09941e,UNCONDITIONAL_CALL
egs52_update_near_c1aa_09950e,09952a,0993d6,UNCONDITIONAL_CALL
egs52_update_near_c1aa_09950e,099540,09fbc0,UNCONDITIONAL_CALL
egs52_update_near_c1aa_09950e,099558,09fbc0,UNCONDITIONAL_CALL
egs52_update_near_c1aa_09950e,099564,09fbc0,UNCONDITIONAL_CALL
egs52_update_near_c1ac_099688,099688,09bf36,UNCONDITIONAL_CALL
egs52_update_near_c2b0_0996a2,0996d0,09bf7a,UNCONDITIONAL_CALL
egs52_update_near_c2b0_0996d6,0996fc,09bf7a,UNCONDITIONAL_CALL
egs52_update_near_c2b0_0996d6,099706,0999ec,UNCONDITIONAL_CALL
egs52_update_near_c2b0_0996d6,099728,0999e2,UNCONDITIONAL_CALL
egs52_update_near_c2b0_0996d6,099736,09bf7a,UNCONDITIONAL_CALL
egs52_update_near_c2b0_0996d6,0997bc,0a57f8,UNCONDITIONAL_CALL
egs52_update_near_c2b0_0996d6,0997f2,09bf7a,UNCONDITIONAL_CALL
egs52_update_near_c1b0_09997a,0999a4,09bf7a,UNCONDITIONAL_CALL
egs52_call_09997a_0999ca,0999ca,09997a,UNCONDITIONAL_CALL
egs52_compute_from_near_c2b6_0999e2,0999e6,0a08ee,UNCONDITIONAL_CALL
egs52_update_near_c2b6_0999ec,0999ec,0a097e,UNCONDITIONAL_CALL
egs52_update_near_c2b6_0999ec,0999fc,0a08ee,UNCONDITIONAL_CALL
egs52_update_near_c105_099a02,099a10,095abc,UNCONDITIONAL_CALL
egs52_update_near_f581_099a20,099a80,093de4,UNCONDITIONAL_CALL
egs52_update_near_f581_099adc,099b3a,09e304,UNCONDITIONAL_CALL
egs52_update_near_c100_099b98,099c32,092248,UNCONDITIONAL_CALL
egs52_update_near_c100_099b98,099c54,093d60,UNCONDITIONAL_CALL
egs52_update_near_c100_099b98,099c78,09ed56,UNCONDITIONAL_CALL
egs52_update_near_c100_099b98,099cc8,093dae,UNCONDITIONAL_CALL
egs52_update_near_c100_099b98,099d26,095abc,UNCONDITIONAL_CALL
egs52_update_near_c100_099b98,099d32,094980,UNCONDITIONAL_CALL
egs52_update_near_c100_099b98,099d64,094d98,UNCONDITIONAL_CALL
egs52_update_near_c100_099b98,099e14,094980,UNCONDITIONAL_CALL
egs52_update_near_c100_099b98,099e18,094dcc,UNCONDITIONAL_CALL
egs52_update_near_c100_099b98,099e24,096330,UNCONDITIONAL_CALL
egs52_update_near_c100_099b98,099e5c,094980,UNCONDITIONAL_CALL
egs52_update_near_c100_099b98,099ea0,094980,UNCONDITIONAL_CALL
egs52_update_near_c100_099b98,099ea8,096330,UNCONDITIONAL_CALL
egs52_update_near_c100_099b98,099f36,094980,UNCONDITIONAL_CALL
egs52_update_near_c100_099b98,099f3a,094d98,UNCONDITIONAL_CALL
egs52_update_near_c100_099b98,099f46,095abc,UNCONDITIONAL_CALL
egs52_update_near_c100_099b98,099fe0,094d98,UNCONDITIONAL_CALL
egs52_update_near_c100_099b98,09a086,094d98,UNCONDITIONAL_CALL
egs52_update_near_c100_099b98,09a148,094d98,UNCONDITIONAL_CALL
egs52_update_near_c100_099b98,09a20e,094d98,UNCONDITIONAL_CALL
egs52_update_near_c100_099b98,09a288,0964d2,UNCONDITIONAL_CALL
egs52_update_near_c100_099b98,09a2ca,094dcc,UNCONDITIONAL_CALL
egs52_update_near_c100_099b98,09a2d2,0964d2,UNCONDITIONAL_CALL
egs52_update_near_c100_099b98,09a380,0a1032,UNCONDITIONAL_CALL
egs52_update_near_c100_099b98,09a39e,0a612e,UNCONDITIONAL_CALL
egs52_update_near_c100_099b98,09a3ea,094dcc,UNCONDITIONAL_CALL
egs52_update_near_c100_099b98,09a414,0a1032,UNCONDITIONAL_CALL
egs52_update_near_c100_099b98,09a432,0a6006,UNCONDITIONAL_CALL
egs52_update_near_c2bc_09a486,09a55c,0a3424,UNCONDITIONAL_CALL
egs52_update_near_c2bc_09a486,09a57c,0a3b10,UNCONDITIONAL_CALL
egs52_update_near_c2bc_09a486,09a5ca,0a3b10,UNCONDITIONAL_CALL
egs52_update_near_c2bc_09a486,09a5da,094dcc,UNCONDITIONAL_CALL
egs52_update_near_c2bc_09a486,09a5f8,09eede,UNCONDITIONAL_CALL
egs52_update_near_c2bc_09a486,09a64e,09edde,UNCONDITIONAL_CALL
egs52_update_near_c2bc_09a486,09a66a,09eede,UNCONDITIONAL_CALL
egs52_update_near_c2bc_09a486,09a6be,09edde,UNCONDITIONAL_CALL
egs52_update_near_c2bc_09a486,09a71e,0a0cc6,UNCONDITIONAL_CALL
egs52_update_near_c2bc_09a486,09a73c,0a0e7c,UNCONDITIONAL_CALL
egs52_update_near_c2bc_09a486,09a75c,096f56,UNCONDITIONAL_CALL
egs52_update_near_c2bc_09a486,09a790,0964d2,UNCONDITIONAL_CALL
egs52_update_near_c2bc_09a486,09a7ba,0964d2,UNCONDITIONAL_CALL
egs52_update_near_c2bc_09a486,09a7f0,0964d2,UNCONDITIONAL_CALL
egs52_update_near_c2bc_09a486,09a826,0964d2,UNCONDITIONAL_CALL
egs52_update_near_c2bc_09a486,09a862,092248,UNCONDITIONAL_CALL
egs52_update_near_c2bc_09a486,09a888,092248,UNCONDITIONAL_CALL
egs52_update_near_c2bc_09a486,09a8a4,092248,UNCONDITIONAL_CALL
egs52_update_near_c2bc_09a486,09a8c0,092248,UNCONDITIONAL_CALL
egs52_update_near_c2bc_09a486,09a8dc,092248,UNCONDITIONAL_CALL
egs52_update_near_c2bc_09a486,09a8f8,092248,UNCONDITIONAL_CALL
egs52_update_near_c2bc_09a486,09a91e,0a3b10,UNCONDITIONAL_CALL
egs52_update_near_c2bc_09a486,09a956,0a3424,UNCONDITIONAL_CALL
egs52_update_near_c2bc_09a486,09a99a,09efe6,UNCONDITIONAL_CALL
egs52_update_near_c2bc_09a486,09aa2c,09be4e,UNCONDITIONAL_CALL
egs52_update_near_c2be_09aa56,09aad4,0a2fba,UNCONDITIONAL_CALL
egs52_update_near_c2be_09aa56,09ab2e,0a3b10,UNCONDITIONAL_CALL
egs52_update_near_c2be_09aa56,09ab66,0a2fba,UNCONDITIONAL_CALL
egs52_update_near_c2be_09aa56,09abbe,0a3b10,UNCONDITIONAL_CALL
egs52_update_near_c2be_09aa56,09abf6,0a2fba,UNCONDITIONAL_CALL
egs52_update_near_c2be_09aa56,09ac4e,0a3b10,UNCONDITIONAL_CALL
egs52_update_near_c2be_09aa56,09ac88,092248,UNCONDITIONAL_CALL
egs52_update_near_c2be_09aa56,09ac8e,095abc,UNCONDITIONAL_CALL
egs52_update_near_c2be_09aa56,09ace0,095b38,UNCONDITIONAL_CALL
egs52_update_near_c2be_09aa56,09ad1a,092248,UNCONDITIONAL_CALL
egs52_update_near_c2be_09aa56,09ad20,095abc,UNCONDITIONAL_CALL
egs52_update_near_c2be_09aa56,09ad72,095b38,UNCONDITIONAL_CALL
egs52_update_near_c2be_09aa56,09adac,092248,UNCONDITIONAL_CALL
egs52_update_near_c2be_09aa56,09adb2,095abc,UNCONDITIONAL_CALL
egs52_update_near_c2be_09aa56,09ae04,095b38,UNCONDITIONAL_CALL
egs52_update_near_c2be_09aa56,09ae3e,092248,UNCONDITIONAL_CALL
egs52_update_near_c2be_09aa56,09ae44,095abc,UNCONDITIONAL_CALL
egs52_update_near_c2be_09aa56,09ae96,095b38,UNCONDITIONAL_CALL
egs52_update_near_c2be_09aa56,09aed0,092248,UNCONDITIONAL_CALL
egs52_update_near_c2be_09aa56,09aed6,095abc,UNCONDITIONAL_CALL
egs52_update_near_c2be_09aa56,09af28,095b38,UNCONDITIONAL_CALL
egs52_update_near_c2be_09aa56,09b032,097938,UNCONDITIONAL_CALL
egs52_update_near_c2be_09aa56,09b044,0a5a0e,UNCONDITIONAL_CALL
egs52_update_near_c2be_09aa56,09b058,09792e,UNCONDITIONAL_CALL
egs52_update_near_c102_09b072,09b0b2,095abc,UNCONDITIONAL_CALL
egs52_update_near_c102_09b072,09b0d2,09bca4,UNCONDITIONAL_CALL
egs52_update_near_c102_09b072,09b120,095abc,UNCONDITIONAL_CALL
egs52_update_near_c102_09b072,09b164,095abc,UNCONDITIONAL_CALL
egs52_update_near_c102_09b072,09b176,09bca4,UNCONDITIONAL_CALL
egs52_update_near_c102_09b072,09b1ac,09bca4,UNCONDITIONAL_CALL
egs52_update_near_c102_09b072,09b1cc,095abc,UNCONDITIONAL_CALL
egs52_update_near_c102_09b072,09b1ea,095b38,UNCONDITIONAL_CALL
egs52_update_near_c102_09b072,09b20c,09bca4,UNCONDITIONAL_CALL
egs52_update_near_c102_09b072,09b21c,09bca4,UNCONDITIONAL_CALL
egs52_update_near_c2b8_09b222,09b248,09bca4,UNCONDITIONAL_CALL
egs52_update_near_c2c3_09b302,09b35c,0a4446,UNCONDITIONAL_CALL
egs52_update_near_c2c3_09b302,09b360,0a4430,UNCONDITIONAL_CALL
egs52_update_near_c2c4_09b39a,09b3d6,0a3424,UNCONDITIONAL_CALL
egs52_update_near_c2c4_09b39a,09b3f4,0a3b10,UNCONDITIONAL_CALL
egs52_update_near_c2c4_09b39a,09b440,0a3b10,UNCONDITIONAL_CALL
egs52_update_near_c2c4_09b39a,09b456,0a3424,UNCONDITIONAL_CALL
egs52_update_near_c2c4_09b39a,09b474,0a3b10,UNCONDITIONAL_CALL
egs52_update_near_c2c4_09b39a,09b4c0,0a3b10,UNCONDITIONAL_CALL
egs52_update_near_c2c4_09b39a,09b6fe,09be7c,UNCONDITIONAL_CALL
egs52_update_near_c2c4_09b39a,09b70e,09be7c,UNCONDITIONAL_CALL
egs52_update_near_c2c4_09b39a,09b728,09be7c,UNCONDITIONAL_CALL
egs52_update_near_c2c4_09b39a,09b738,09be7c,UNCONDITIONAL_CALL
egs52_update_near_c2c4_09b39a,09b752,09be7c,UNCONDITIONAL_CALL
egs52_update_near_c2c4_09b39a,09b762,09be7c,UNCONDITIONAL_CALL
egs52_update_near_c2c4_09b39a,09b77c,09be7c,UNCONDITIONAL_CALL
egs52_update_near_c2c4_09b39a,09b78c,09be7c,UNCONDITIONAL_CALL
egs52_update_near_c2c4_09b39a,09b7a6,09be7c,UNCONDITIONAL_CALL
egs52_update_near_c2c4_09b39a,09b7b6,09be7c,UNCONDITIONAL_CALL
egs52_update_near_f469_09bb8a,09bb92,09794e,UNCONDITIONAL_CALL
egs52_update_near_c2ba_09bca4,09bcc0,09bbce,UNCONDITIONAL_CALL
egs52_update_near_c2ba_09bca4,09bd18,092248,UNCONDITIONAL_CALL
egs52_update_near_c2ba_09bca4,09be2a,092248,UNCONDITIONAL_CALL
egs52_compute_from_near_c2ce_09bf18,09bf1c,0a0770,UNCONDITIONAL_CALL
egs52_update_near_d2d3_09bf7a,09bf9a,099570,UNCONDITIONAL_CALL
egs52_update_near_d2d3_09bf7a,09bfa2,09bf36,UNCONDITIONAL_CALL
egs52_update_near_d2d3_09bf7a,09bfda,099570,UNCONDITIONAL_CALL
egs52_update_near_d2d3_09bf7a,09bfe2,09bf36,UNCONDITIONAL_CALL
egs52_update_near_d2d3_09bf7a,09c008,0997f8,UNCONDITIONAL_CALL
egs52_update_near_d2d3_09bf7a,09c00c,09bf18,UNCONDITIONAL_CALL
egs52_update_near_d2d3_09c016,09c02a,09bf18,UNCONDITIONAL_CALL
egs52_update_near_d2d3_09c2f2,09c324,0a0770,UNCONDITIONAL_CALL
egs52_update_near_d2d3_09c2f2,09c32c,09bf36,UNCONDITIONAL_CALL
egs52_update_near_d2d3_09c2f2,09c3a4,09bf36,UNCONDITIONAL_CALL
egs52_update_near_d2d3_09c2f2,09c3ce,099570,UNCONDITIONAL_CALL
egs52_update_near_d2d3_09c2f2,09c3d6,09bf36,UNCONDITIONAL_CALL
egs52_update_near_d2d3_09c2f2,09c43c,0997f8,UNCONDITIONAL_CALL
egs52_update_near_d2d3_09c2f2,09c440,09bf18,UNCONDITIONAL_CALL
egs52_call_096eec_09c448,09c44a,096eec,UNCONDITIONAL_CALL
egs52_call_096eec_09c448,09c452,09c652,UNCONDITIONAL_CALL
egs52_call_096f56_09c462,09c472,096f56,UNCONDITIONAL_CALL
egs52_call_096f56_09c462,09c47e,09c4aa,UNCONDITIONAL_CALL
egs52_call_09c4d8_09c4aa,09c4b8,09c4d8,UNCONDITIONAL_CALL
egs52_call_09c4d8_09c4aa,09c4ca,09c670,UNCONDITIONAL_CALL
egs52_call_0a1b8c_09c4d8,09c4ee,0a1b8c,UNCONDITIONAL_CALL
egs52_call_0a1b8c_09c4d8,09c50a,0a1b8c,UNCONDITIONAL_CALL
egs52_call_0a1b8c_09c4d8,09c532,09fbc0,UNCONDITIONAL_CALL
egs52_call_0a1b8c_09c4d8,09c560,09fbc0,UNCONDITIONAL_CALL
egs52_call_0a1b8c_09c4d8,09c582,09fbc0,UNCONDITIONAL_CALL
egs52_call_0a1b8c_09c4d8,09c592,09fbc0,UNCONDITIONAL_CALL
egs52_call_0a1b8c_09c4d8,09c5c6,09fbc0,UNCONDITIONAL_CALL
egs52_call_0a1b8c_09c4d8,09c600,09fbc0,UNCONDITIONAL_CALL
egs52_call_0a1b8c_09c4d8,09c62c,09fbc0,UNCONDITIONAL_CALL
egs52_call_0a1b8c_09c4d8,09c640,09fbc0,UNCONDITIONAL_CALL
egs52_update_near_c31e_09c724,09c734,0a1b8c,UNCONDITIONAL_CALL
egs52_update_near_c31e_09c724,09c942,09223a,UNCONDITIONAL_CALL
egs52_update_near_c31e_09c724,09c954,09223a,UNCONDITIONAL_CALL
egs52_update_near_c31e_09c724,09c9b8,09223a,UNCONDITIONAL_CALL
egs52_update_near_c31e_09c724,09c9c6,09fbc0,UNCONDITIONAL_CALL
egs52_update_near_c31e_09c724,09c9d2,09fbc0,UNCONDITIONAL_CALL
egs52_update_near_c31e_09c724,09c9de,09fbc0,UNCONDITIONAL_CALL
egs52_update_near_c31e_09c724,09c9f8,09fbc0,UNCONDITIONAL_CALL
egs52_update_near_c31e_09c724,09ca04,09fbc0,UNCONDITIONAL_CALL
egs52_update_near_c31e_09c724,09ca10,09fbc0,UNCONDITIONAL_CALL
egs52_update_near_c31e_09c724,09ca28,09fbc0,UNCONDITIONAL_CALL
egs52_update_near_c31e_09c724,09ca32,0a1b8c,UNCONDITIONAL_CALL
egs52_update_near_c31e_09c724,09ca52,09fbc0,UNCONDITIONAL_CALL
egs52_update_near_c31e_09c724,09ca5e,09fbc0,UNCONDITIONAL_CALL
egs52_update_near_c31e_09c724,09ca68,0a1b8c,UNCONDITIONAL_CALL
egs52_update_near_c31e_09c724,09ca88,09fbc0,UNCONDITIONAL_CALL
egs52_update_near_c31e_09c724,09ca98,09fbc0,UNCONDITIONAL_CALL
egs52_update_near_c31e_09c724,09caa4,09fbc0,UNCONDITIONAL_CALL
egs52_update_near_c32a_09cb2e,09cb82,092118,UNCONDITIONAL_CALL
egs52_update_near_c32a_09cb2e,09cb90,09efaa,UNCONDITIONAL_CALL
egs52_update_near_c32a_09cb2e,09cba0,092118,UNCONDITIONAL_CALL
egs52_update_near_c32a_09cb2e,09cc3c,092118,UNCONDITIONAL_CALL
egs52_update_near_c32a_09cb2e,09cc70,092118,UNCONDITIONAL_CALL
egs52_update_near_c32a_09cb2e,09cd1e,09fbc0,UNCONDITIONAL_CALL
egs52_update_near_c32a_09cb2e,09cd28,09fbc0,UNCONDITIONAL_CALL
egs52_update_near_c32a_09cb2e,09cd60,09fbc0,UNCONDITIONAL_CALL
egs52_update_near_c32a_09cb2e,09cd6c,09fbc0,UNCONDITIONAL_CALL
egs52_update_near_c32a_09cb2e,09cd80,09fbc0,UNCONDITIONAL_CALL
egs52_update_near_c32a_09cb2e,09cd8a,09fbc0,UNCONDITIONAL_CALL
egs52_update_near_c32a_09cb2e,09cdb4,092248,UNCONDITIONAL_CALL
egs52_update_near_c32a_09cb2e,09cde0,092118,UNCONDITIONAL_CALL
egs52_update_near_c32a_09cb2e,09cde8,0a59c2,UNCONDITIONAL_CALL
egs52_update_near_c32a_09cb2e,09cdfa,092118,UNCONDITIONAL_CALL
egs52_update_near_c32a_09cb2e,09ce0a,0a5a0e,UNCONDITIONAL_CALL
egs52_update_near_c32a_09cb2e,09ce2a,092118,UNCONDITIONAL_CALL
egs52_update_near_c32a_09cb2e,09ce36,0a5a0e,UNCONDITIONAL_CALL
egs52_update_near_c32a_09cb2e,09ce54,09ceaa,UNCONDITIONAL_CALL
egs52_update_near_c32a_09cb2e,09ce6a,09fbc0,UNCONDITIONAL_CALL
egs52_update_near_c32a_09cb2e,09ce7c,09fbc0,UNCONDITIONAL_CALL
egs52_update_near_c32a_09cb2e,09ce88,09fbc0,UNCONDITIONAL_CALL
egs52_update_near_c32a_09cb2e,09ce92,09fbc0,UNCONDITIONAL_CALL
egs52_update_near_c32e_09cec0,09cec2,092118,UNCONDITIONAL_CALL
egs52_update_near_c32e_09cec0,09ced0,09efaa,UNCONDITIONAL_CALL
egs52_update_near_c32e_09cec0,09cef2,0e32e6,UNCONDITIONAL_CALL
egs52_update_near_c32e_09cec0,09cf50,09f018,UNCONDITIONAL_CALL
egs52_update_near_c32e_09cec0,09cfb0,094d98,UNCONDITIONAL_CALL
egs52_update_near_c32e_09cec0,09cfbe,094980,UNCONDITIONAL_CALL
egs52_update_near_c32e_09cec0,09cfc2,097938,UNCONDITIONAL_CALL
egs52_update_near_c32e_09cec0,09cfd0,092118,UNCONDITIONAL_CALL
egs52_update_near_c32e_09cec0,09cfd8,0a59c2,UNCONDITIONAL_CALL
egs52_update_near_c32e_09cec0,09d03e,09222c,UNCONDITIONAL_CALL
egs52_update_near_c32e_09cec0,09d06a,09f018,UNCONDITIONAL_CALL
egs52_update_near_c32e_09cec0,09d0ea,09efaa,UNCONDITIONAL_CALL
egs52_update_near_c32e_09cec0,09d148,092118,UNCONDITIONAL_CALL
egs52_update_near_c32e_09cec0,09d156,0a5a0e,UNCONDITIONAL_CALL
egs52_update_near_c32e_09cec0,09d1a4,092118,UNCONDITIONAL_CALL
egs52_update_near_c32e_09cec0,09d1f0,092118,UNCONDITIONAL_CALL
egs52_update_near_c32e_09cec0,09d1fc,092118,UNCONDITIONAL_CALL
egs52_update_near_c32e_09cec0,09d20a,09efaa,UNCONDITIONAL_CALL
egs52_update_near_c32e_09cec0,09d25e,092118,UNCONDITIONAL_CALL
egs52_update_near_c32e_09cec0,09d26c,092118,UNCONDITIONAL_CALL
egs52_update_near_c32e_09cec0,09d2bc,092118,UNCONDITIONAL_CALL
egs52_update_near_c32e_09cec0,09d2c4,0a59c2,UNCONDITIONAL_CALL
egs52_update_near_c32e_09cec0,09d2f8,092118,UNCONDITIONAL_CALL
egs52_update_near_c32e_09cec0,09d316,092118,UNCONDITIONAL_CALL
egs52_update_near_c32e_09cec0,09d326,09efaa,UNCONDITIONAL_CALL
egs52_update_near_c32e_09cec0,09d342,0994c8,UNCONDITIONAL_CALL
egs52_update_near_c32e_09cec0,09d34c,0994da,UNCONDITIONAL_CALL
egs52_update_near_c32e_09cec0,09d35c,092118,UNCONDITIONAL_CALL
egs52_update_near_c32e_09cec0,09d36a,09efaa,UNCONDITIONAL_CALL
egs52_update_near_c32e_09cec0,09d394,092118,UNCONDITIONAL_CALL
egs52_update_near_c32e_09cec0,09d3a2,0a5a0e,UNCONDITIONAL_CALL
egs52_update_near_c32e_09cec0,09d3d6,092118,UNCONDITIONAL_CALL
egs52_update_near_c32e_09cec0,09d3e4,0a5a0e,UNCONDITIONAL_CALL
egs52_update_near_c32e_09cec0,09d410,092118,UNCONDITIONAL_CALL
egs52_update_near_c32e_09cec0,09d41e,0a5a0e,UNCONDITIONAL_CALL
egs52_update_near_c32e_09cec0,09d440,092118,UNCONDITIONAL_CALL
egs52_update_near_c32e_09cec0,09d44c,0a5a0e,UNCONDITIONAL_CALL
egs52_update_near_c32e_09cec0,09d478,092118,UNCONDITIONAL_CALL
egs52_update_near_c32e_09cec0,09d486,0a5a0e,UNCONDITIONAL_CALL
egs52_update_near_c32e_09cec0,09d4b8,092118,UNCONDITIONAL_CALL
egs52_update_near_c32e_09cec0,09d4c4,092118,UNCONDITIONAL_CALL
egs52_update_near_c32e_09cec0,09d4d2,09efaa,UNCONDITIONAL_CALL
egs52_update_near_c32e_09cec0,09d528,092118,UNCONDITIONAL_CALL
egs52_update_near_c32e_09cec0,09d530,0a59c2,UNCONDITIONAL_CALL
egs52_update_near_c32e_09cec0,09d548,092118,UNCONDITIONAL_CALL
egs52_update_near_c32e_09cec0,09d57a,09efaa,UNCONDITIONAL_CALL
egs52_update_near_c32e_09cec0,09d5a4,0994c8,UNCONDITIONAL_CALL
egs52_update_near_c32e_09cec0,09d5ac,0994da,UNCONDITIONAL_CALL
egs52_update_near_c32e_09cec0,09d5c4,09efaa,UNCONDITIONAL_CALL
egs52_update_near_c32e_09cec0,09d5ea,092118,UNCONDITIONAL_CALL
egs52_update_near_c32e_09cec0,09d5f8,0a5a0e,UNCONDITIONAL_CALL
egs52_update_near_c32e_09cec0,09d622,092118,UNCONDITIONAL_CALL
egs52_update_near_c32e_09cec0,09d630,0a5a0e,UNCONDITIONAL_CALL
egs52_update_near_c32e_09cec0,09d654,092118,UNCONDITIONAL_CALL
egs52_update_near_c32e_09cec0,09d662,0a5a0e,UNCONDITIONAL_CALL
egs52_update_near_c32e_09cec0,09d680,092118,UNCONDITIONAL_CALL
egs52_update_near_c32e_09cec0,09d68c,0a5a0e,UNCONDITIONAL_CALL
egs52_update_near_c32e_09cec0,09d6ca,09f05e,UNCONDITIONAL_CALL
egs52_update_near_c32e_09cec0,09d712,092118,UNCONDITIONAL_CALL
egs52_update_near_c32e_09cec0,09d720,09efaa,UNCONDITIONAL_CALL
egs52_update_near_c32e_09cec0,09d732,092118,UNCONDITIONAL_CALL
egs52_update_near_c32e_09cec0,09d74c,092248,UNCONDITIONAL_CALL
egs52_update_near_c32e_09cec0,09d756,092118,UNCONDITIONAL_CALL
egs52_update_near_c32e_09cec0,09d75e,0a59c2,UNCONDITIONAL_CALL
egs52_update_near_c32e_09cec0,09d768,092118,UNCONDITIONAL_CALL
egs52_update_near_c32e_09cec0,09d778,0a5a0e,UNCONDITIONAL_CALL
egs52_update_near_c32e_09cec0,09d79a,092118,UNCONDITIONAL_CALL
egs52_update_near_c32e_09cec0,09d7a6,0a5a0e,UNCONDITIONAL_CALL
egs52_update_near_c32e_09cec0,09d7b2,092118,UNCONDITIONAL_CALL
egs52_update_near_c32e_09cec0,09d7ba,0a59c2,UNCONDITIONAL_CALL
egs52_update_near_c32e_09cec0,09d7c6,092118,UNCONDITIONAL_CALL
egs52_update_near_c32e_09cec0,09d7ce,0a59c2,UNCONDITIONAL_CALL
egs52_update_near_c32e_09cec0,09d814,09fbc0,UNCONDITIONAL_CALL
egs52_update_near_c32e_09cec0,09d856,09fbc0,UNCONDITIONAL_CALL
egs52_update_near_c32e_09cec0,09d864,09fbc0,UNCONDITIONAL_CALL
egs52_update_near_c32e_09cec0,09d89c,092118,UNCONDITIONAL_CALL
egs52_update_near_c32e_09cec0,09d906,092118,UNCONDITIONAL_CALL
egs52_update_near_c32e_09cec0,09d914,09efaa,UNCONDITIONAL_CALL
egs52_update_near_c32e_09cec0,09d924,092118,UNCONDITIONAL_CALL
egs52_update_near_c32e_09cec0,09d9a6,09fbc0,UNCONDITIONAL_CALL
egs52_update_near_c32e_09cec0,09d9b0,09fbc0,UNCONDITIONAL_CALL
egs52_update_near_c32e_09cec0,09da1e,09792e,UNCONDITIONAL_CALL
egs52_update_near_c32e_09cec0,09da32,09fbc0,UNCONDITIONAL_CALL
egs52_update_near_c32a_09da5e,09da6e,094d98,UNCONDITIONAL_CALL
egs52_update_near_c32a_09da5e,09da7c,094980,UNCONDITIONAL_CALL
egs52_update_near_c32a_09da5e,09da80,097938,UNCONDITIONAL_CALL
egs52_update_near_c32a_09da5e,09da98,092118,UNCONDITIONAL_CALL
egs52_update_near_c32a_09da5e,09daa0,0a59c2,UNCONDITIONAL_CALL
egs52_update_near_c32a_09da5e,09daf0,092118,UNCONDITIONAL_CALL
egs52_update_near_c32a_09da5e,09db1e,09792e,UNCONDITIONAL_CALL
egs52_update_near_c32a_09da5e,09db28,09fbc0,UNCONDITIONAL_CALL
egs52_update_near_c346_09db38,09dc46,092118,UNCONDITIONAL_CALL
egs52_update_near_c346_09db38,09dc62,092118,UNCONDITIONAL_CALL
egs52_update_near_c346_09db38,09dc98,092118,UNCONDITIONAL_CALL
egs52_update_near_c346_09db38,09dca4,092118,UNCONDITIONAL_CALL
egs52_update_near_c346_09db38,09dcf2,092118,UNCONDITIONAL_CALL
egs52_update_near_c346_09db38,09dcfe,092118,UNCONDITIONAL_CALL
egs52_update_near_c32b_09de7a,09deae,092118,UNCONDITIONAL_CALL
egs52_transform_far_memory_09df5c,09dfc2,097938,UNCONDITIONAL_CALL
egs52_transform_far_memory_09df5c,09dfcc,094d98,UNCONDITIONAL_CALL
egs52_transform_far_memory_09df5c,09dfe2,094980,UNCONDITIONAL_CALL
egs52_transform_far_memory_09df5c,09dffa,0a59be,UNCONDITIONAL_CALL
egs52_transform_far_memory_09df5c,09e036,092118,UNCONDITIONAL_CALL
egs52_transform_far_memory_09df5c,09e054,092118,UNCONDITIONAL_CALL
egs52_transform_far_memory_09df5c,09e060,09efaa,UNCONDITIONAL_CALL
egs52_transform_far_memory_09df5c,09e074,092118,UNCONDITIONAL_CALL
egs52_transform_far_memory_09df5c,09e09e,09efaa,UNCONDITIONAL_CALL
egs52_transform_far_memory_09df5c,09e0ca,092118,UNCONDITIONAL_CALL
egs52_transform_far_memory_09df5c,09e104,092118,UNCONDITIONAL_CALL
egs52_transform_far_memory_09df5c,09e146,092118,UNCONDITIONAL_CALL
egs52_transform_far_memory_09df5c,09e160,092118,UNCONDITIONAL_CALL
egs52_transform_far_memory_09df5c,09e17e,092118,UNCONDITIONAL_CALL
egs52_transform_far_memory_09df5c,09e1e4,092118,UNCONDITIONAL_CALL
egs52_transform_far_memory_09df5c,09e208,092118,UNCONDITIONAL_CALL
egs52_transform_far_memory_09df5c,09e21a,09efaa,UNCONDITIONAL_CALL
egs52_transform_far_memory_09df5c,09e234,092118,UNCONDITIONAL_CALL
egs52_transform_far_memory_09df5c,09e244,09efaa,UNCONDITIONAL_CALL
egs52_transform_far_memory_09df5c,09e256,092118,UNCONDITIONAL_CALL
egs52_transform_far_memory_09df5c,09e272,092118,UNCONDITIONAL_CALL
egs52_transform_far_memory_09df5c,09e284,09efaa,UNCONDITIONAL_CALL
egs52_transform_far_memory_09df5c,09e29e,092118,UNCONDITIONAL_CALL
egs52_transform_far_memory_09df5c,09e2ae,09efaa,UNCONDITIONAL_CALL
egs52_transform_far_memory_09df5c,09e2c8,092118,UNCONDITIONAL_CALL
egs52_transform_far_memory_09df5c,09e2d0,0a5a62,UNCONDITIONAL_CALL
egs52_transform_far_memory_09df5c,09e2d4,09f05e,UNCONDITIONAL_CALL
egs52_transform_far_memory_09df5c,09e2ea,092118,UNCONDITIONAL_CALL
egs52_transform_far_memory_09df5c,09e2f2,0a59c2,UNCONDITIONAL_CALL
egs52_transform_far_memory_09df5c,09e2f6,09794e,UNCONDITIONAL_CALL
egs52_update_near_c34a_09e304,09e390,09227c,UNCONDITIONAL_CALL
egs52_update_near_c34a_09e304,09e394,09e4c8,UNCONDITIONAL_CALL
egs52_update_near_c34a_09e304,09e3ba,09efe6,UNCONDITIONAL_CALL
egs52_update_near_c34a_09e304,09e3d2,092248,UNCONDITIONAL_CALL
egs52_update_near_c34a_09e304,09e476,0a3d02,UNCONDITIONAL_CALL
egs52_update_near_c34a_09e304,09e498,0a3ca8,UNCONDITIONAL_CALL
egs52_transform_far_memory_09e4c8,09e508,09222c,UNCONDITIONAL_CALL
egs52_transform_far_memory_09e4c8,09e556,09222c,UNCONDITIONAL_CALL
egs52_transform_far_memory_09e4c8,09e5aa,09222c,UNCONDITIONAL_CALL
egs52_transform_far_memory_09e4c8,09e5fe,09f018,UNCONDITIONAL_CALL
egs52_transform_far_memory_09e4c8,09e66e,09222c,UNCONDITIONAL_CALL
egs52_transform_far_memory_09e4c8,09e706,09222c,UNCONDITIONAL_CALL
egs52_transform_far_memory_09e4c8,09e754,09222c,UNCONDITIONAL_CALL
egs52_transform_far_memory_09e4c8,09e7e8,09222c,UNCONDITIONAL_CALL
egs52_transform_far_memory_09e4c8,09e832,09222c,UNCONDITIONAL_CALL
egs52_transform_far_memory_09e4c8,09e886,09222c,UNCONDITIONAL_CALL
egs52_transform_far_memory_09e4c8,09e8a0,092118,UNCONDITIONAL_CALL
egs52_transform_far_memory_09e4c8,09e8b6,092118,UNCONDITIONAL_CALL
egs52_transform_far_memory_09e4c8,09e8ca,092118,UNCONDITIONAL_CALL
egs52_transform_far_memory_09e4c8,09e8de,092118,UNCONDITIONAL_CALL
egs52_transform_far_memory_09e4c8,09e948,09222c,UNCONDITIONAL_CALL
egs52_transform_far_memory_09e4c8,09e956,09222c,UNCONDITIONAL_CALL
egs52_transform_far_memory_09e4c8,09e96c,09222c,UNCONDITIONAL_CALL
egs52_update_near_c34c_09e9da,09ea76,09227c,UNCONDITIONAL_CALL
egs52_update_near_c34c_09e9da,09ea7a,09e4c8,UNCONDITIONAL_CALL
egs52_update_near_c34c_09e9da,09eab8,092248,UNCONDITIONAL_CALL
egs52_update_near_c34c_09e9da,09eb4c,095b58,UNCONDITIONAL_CALL
egs52_update_near_c34c_09e9da,09eb7a,0a33b2,UNCONDITIONAL_CALL
egs52_update_near_c34c_09e9da,09eba6,0a3d8e,UNCONDITIONAL_CALL
egs52_update_near_c34c_09e9da,09ebc4,095b6a,UNCONDITIONAL_CALL
egs52_update_near_c34c_09e9da,09ebc8,092118,UNCONDITIONAL_CALL
egs52_update_near_c34c_09e9da,09ebe8,095b76,UNCONDITIONAL_CALL
egs52_update_near_c34c_09e9da,09ebf4,095b6a,UNCONDITIONAL_CALL
egs52_update_near_c34c_09e9da,09ebf8,092118,UNCONDITIONAL_CALL
egs52_update_near_c34c_09e9da,09ec2e,095b6a,UNCONDITIONAL_CALL
egs52_update_near_c34c_09e9da,09ec32,092118,UNCONDITIONAL_CALL
egs52_update_near_c34c_09e9da,09ec5c,095b76,UNCONDITIONAL_CALL
egs52_update_near_c34c_09e9da,09ec68,095b6a,UNCONDITIONAL_CALL
egs52_update_near_c34c_09e9da,09ec6c,092118,UNCONDITIONAL_CALL
egs52_update_near_c34c_09e9da,09ecc6,095b38,UNCONDITIONAL_CALL
egs52_update_near_c34c_09e9da,09ed10,092248,UNCONDITIONAL_CALL
egs52_update_near_c34c_09e9da,09ed16,095b6a,UNCONDITIONAL_CALL
egs52_update_near_c34c_09e9da,09ed1e,0a2fba,UNCONDITIONAL_CALL
egs52_transform_far_memory_09edde,09edf4,09f018,UNCONDITIONAL_CALL
egs52_transform_far_memory_09edde,09ee42,09222c,UNCONDITIONAL_CALL
egs52_update_near_c332_09ef1e,09ef36,09227c,UNCONDITIONAL_CALL
egs52_update_near_c332_09ef1e,09ef3a,09e4c8,UNCONDITIONAL_CALL
egs52_update_near_c332_09ef1e,09ef8e,09efaa,UNCONDITIONAL_CALL
egs52_call_092118_09f05e,09f08c,092118,UNCONDITIONAL_CALL
egs52_call_092118_09f05e,09f09a,09efaa,UNCONDITIONAL_CALL
egs52_call_092118_09f05e,09f0b0,0994c8,UNCONDITIONAL_CALL
egs52_call_092118_09f05e,09f0b8,0994da,UNCONDITIONAL_CALL
egs52_call_092118_09f05e,09f0c4,092118,UNCONDITIONAL_CALL
egs52_call_092118_09f05e,09f0d0,09efaa,UNCONDITIONAL_CALL
egs52_update_near_c388_09f118,09f146,096f56,UNCONDITIONAL_CALL
egs52_update_near_c388_09f118,09f170,096f56,UNCONDITIONAL_CALL
egs52_update_near_c388_09f118,09f178,097904,UNCONDITIONAL_CALL
egs52_update_near_c388_09f118,09f184,097904,UNCONDITIONAL_CALL
egs52_update_near_c388_09f118,09f192,0981ca,UNCONDITIONAL_CALL
egs52_update_near_c388_09f118,09f22c,09fbc0,UNCONDITIONAL_CALL
egs52_update_near_c388_09f118,09f234,097116,UNCONDITIONAL_CALL
egs52_update_near_c388_09f118,09f240,097116,UNCONDITIONAL_CALL
egs52_update_near_c388_09f118,09f24e,09fbc0,UNCONDITIONAL_CALL
egs52_update_near_c388_09f118,09f258,09fbc0,UNCONDITIONAL_CALL
egs52_update_near_c388_09f118,09f25e,0981ca,UNCONDITIONAL_CALL
egs52_update_near_c388_09f118,09f2fe,09fbc0,UNCONDITIONAL_CALL
egs52_update_near_c388_09f118,09f306,097116,UNCONDITIONAL_CALL
egs52_update_near_c388_09f118,09f312,097116,UNCONDITIONAL_CALL
egs52_update_near_c388_09f118,09f320,09fbc0,UNCONDITIONAL_CALL
egs52_update_near_c388_09f118,09f32a,09fbc0,UNCONDITIONAL_CALL
egs52_update_near_c388_09f118,09f334,09fbc0,UNCONDITIONAL_CALL
egs52_update_near_c388_09f118,09f33c,09fbc0,UNCONDITIONAL_CALL
egs52_update_near_c3a2_09f35a,09f35c,096ff2,UNCONDITIONAL_CALL
egs52_update_near_c3a2_09f35a,09f374,09704c,UNCONDITIONAL_CALL
egs52_update_near_c3a2_09f35a,09f388,09efaa,UNCONDITIONAL_CALL
egs52_transform_memory_09f3bc,09f3c6,097036,UNCONDITIONAL_CALL
egs52_transform_memory_09f3bc,09f3ca,09704c,UNCONDITIONAL_CALL
egs52_transform_far_memory_09f3f8,09f410,096f56,UNCONDITIONAL_CALL
egs52_transform_far_memory_09f3f8,09f448,09f510,UNCONDITIONAL_CALL
egs52_transform_far_memory_09f3f8,09f458,09f592,UNCONDITIONAL_CALL
egs52_transform_far_memory_09f3f8,09f468,097052,UNCONDITIONAL_CALL
egs52_compute_from_near_c3a2_09f510,09f526,09212e,UNCONDITIONAL_CALL
egs52_compute_from_near_c3a2_09f510,09f534,09214e,UNCONDITIONAL_CALL
egs52_compute_from_near_c3a2_09f510,09f564,09214e,UNCONDITIONAL_CALL
egs52_update_near_c3a8_09f592,09f5c4,09212e,UNCONDITIONAL_CALL
egs52_update_near_c3a8_09f592,09f5e8,09212e,UNCONDITIONAL_CALL
egs52_update_near_c3a8_09f592,09f60e,09222c,UNCONDITIONAL_CALL
egs52_update_near_c3a8_09f592,09f620,09222c,UNCONDITIONAL_CALL
egs52_update_near_c3a8_09f592,09f63a,09222c,UNCONDITIONAL_CALL
egs52_update_near_c3a8_09f592,09f64c,09222c,UNCONDITIONAL_CALL
egs52_update_near_c3a8_09f592,09f67c,09214e,UNCONDITIONAL_CALL
egs52_transform_memory_09f6de,09f736,0a1220,UNCONDITIONAL_CALL
egs52_transform_memory_09f6de,09f750,0a18cc,UNCONDITIONAL_CALL
egs52_transform_memory_09f6de,09f75a,0a290e,UNCONDITIONAL_CALL
egs52_transform_memory_09f6de,09f772,0a18cc,UNCONDITIONAL_CALL
egs52_transform_memory_09f6de,09f77e,0a290e,UNCONDITIONAL_CALL
egs52_transform_memory_09f6de,09f78c,0a2728,UNCONDITIONAL_CALL
egs52_transform_memory_09f6de,09f79a,0a18cc,UNCONDITIONAL_CALL
egs52_transform_memory_09f6de,09f7b4,0a18cc,UNCONDITIONAL_CALL
egs52_transform_memory_09f6de,09f7c0,0a2550,UNCONDITIONAL_CALL
egs52_update_near_f84c_09f874,09f88c,0a1288,UNCONDITIONAL_CALL
egs52_update_near_f84c_09f874,09f900,092226,UNCONDITIONAL_CALL
egs52_update_near_f84c_09f874,09f926,092226,UNCONDITIONAL_CALL
egs52_update_near_f84c_09f874,09f938,0a2200,UNCONDITIONAL_CALL
egs52_update_near_f84c_09f874,09f944,0a18cc,UNCONDITIONAL_CALL
egs52_update_near_f84c_09f874,09f9e2,092226,UNCONDITIONAL_CALL
egs52_update_near_f84c_09f874,09f9ea,0a2200,UNCONDITIONAL_CALL
egs52_update_near_f84c_09f874,09f9fa,0a18cc,UNCONDITIONAL_CALL
egs52_update_near_f84c_09f874,09fa00,0a514a,UNCONDITIONAL_CALL
egs52_update_near_f84c_09f874,09fa08,0a514a,UNCONDITIONAL_CALL
egs52_update_near_f84c_09f874,09fa12,0a2200,UNCONDITIONAL_CALL
egs52_update_near_f84c_09f874,09fa1e,0a18cc,UNCONDITIONAL_CALL
egs52_update_near_f84c_09f874,09fa58,0a1220,UNCONDITIONAL_CALL
egs52_update_near_f84c_09f874,09fa70,0a290e,UNCONDITIONAL_CALL
egs52_update_near_f84c_09f874,09fa78,0a2728,UNCONDITIONAL_CALL
egs52_update_near_f84c_09f874,09fa80,0a2120,UNCONDITIONAL_CALL
egs52_update_near_f84c_09f874,09faa0,0a18cc,UNCONDITIONAL_CALL
egs52_update_near_f84c_09f874,09fabe,0a18cc,UNCONDITIONAL_CALL
egs52_update_near_f84c_09f874,09fae2,0a2200,UNCONDITIONAL_CALL
egs52_update_near_f84c_09f874,09faf2,0a18cc,UNCONDITIONAL_CALL
egs52_update_near_f84c_09f874,09fb0a,0a290e,UNCONDITIONAL_CALL
egs52_update_near_f84c_09f874,09fb28,0a2120,UNCONDITIONAL_CALL
egs52_update_near_f84c_09f874,09fb42,0a18cc,UNCONDITIONAL_CALL
egs52_transform_memory_09fb68,09fbaa,092226,UNCONDITIONAL_CALL
egs52_update_fault_status,09fc32,094dcc,UNCONDITIONAL_CALL
egs52_update_fault_status,09fc76,092226,UNCONDITIONAL_CALL
egs52_update_fault_status,09fcda,092226,UNCONDITIONAL_CALL
egs52_update_fault_status,09fd26,0a2550,UNCONDITIONAL_CALL
egs52_update_fault_status,09fd36,0a2200,UNCONDITIONAL_CALL
egs52_update_fault_status,09fd4c,0a290e,UNCONDITIONAL_CALL
egs52_update_fault_status,09fd5c,0a2120,UNCONDITIONAL_CALL
egs52_update_fault_status,09fd7c,0a2200,UNCONDITIONAL_CALL
egs52_update_fault_status,09fd94,0a2728,UNCONDITIONAL_CALL
egs52_update_fault_status,09fda2,0a2120,UNCONDITIONAL_CALL
egs52_update_fault_status,09fdc2,0a18cc,UNCONDITIONAL_CALL
egs52_update_fault_status,09fdd6,0a4fc0,UNCONDITIONAL_CALL
egs52_update_fault_status,09fe20,0a18cc,UNCONDITIONAL_CALL
egs52_update_fault_status,09fe34,0a4fc0,UNCONDITIONAL_CALL
egs52_update_fault_status,09fe64,092226,UNCONDITIONAL_CALL
egs52_update_fault_status,09fe80,092226,UNCONDITIONAL_CALL
egs52_update_fault_status,09feb2,092226,UNCONDITIONAL_CALL
egs52_update_fault_status,09fed6,092226,UNCONDITIONAL_CALL
egs52_transform_memory_09ff1e,09ff4e,092226,UNCONDITIONAL_CALL
egs52_transform_memory_09ff1e,09ff68,0a2120,UNCONDITIONAL_CALL
egs52_transform_memory_09ff1e,09ff7c,0a1cc8,UNCONDITIONAL_CALL
egs52_update_near_c34e_0a0000,0a000e,09f6de,UNCONDITIONAL_CALL
egs52_update_near_c34e_0a0000,0a0028,09f6de,UNCONDITIONAL_CALL
egs52_update_near_c34e_0a0000,0a005c,0a5b5e,UNCONDITIONAL_CALL
egs52_update_near_c34e_0a0000,0a0072,0a5c46,UNCONDITIONAL_CALL
egs52_update_near_c34e_0a0000,0a0076,0a5f9c,UNCONDITIONAL_CALL
egs52_update_near_c34e_0a00aa,0a00b2,0a5f28,UNCONDITIONAL_CALL
egs52_update_near_c34e_0a00aa,0a00b6,0a5f9c,UNCONDITIONAL_CALL
egs52_update_near_c34e_0a00c6,0a00ce,0a5f76,UNCONDITIONAL_CALL
egs52_update_near_c34e_0a00d4,0a00e4,09fbc0,UNCONDITIONAL_CALL
egs52_update_near_c34e_0a00d4,0a00fa,0a00aa,UNCONDITIONAL_CALL
egs52_update_near_c34e_0a00d4,0a0114,0a00aa,UNCONDITIONAL_CALL
egs52_update_near_c34e_0a00d4,0a0120,09fbc0,UNCONDITIONAL_CALL
egs52_update_near_c34e_0a013e,0a014e,09fbc0,UNCONDITIONAL_CALL
egs52_update_near_c34e_0a013e,0a0164,0a00aa,UNCONDITIONAL_CALL
egs52_update_near_c34e_0a013e,0a017e,0a00aa,UNCONDITIONAL_CALL
egs52_update_near_c34e_0a013e,0a018a,09fbc0,UNCONDITIONAL_CALL
egs52_transform_far_memory_0a01a8,0a01b0,094dcc,UNCONDITIONAL_CALL
egs52_transform_far_memory_0a01a8,0a0212,0a626c,UNCONDITIONAL_CALL
egs52_transform_far_memory_0a01a8,0a0294,0a6006,UNCONDITIONAL_CALL
egs52_update_near_c350_0a0302,0a030c,094dcc,UNCONDITIONAL_CALL
egs52_update_near_c350_0a0302,0a0318,093f90,UNCONDITIONAL_CALL
egs52_update_near_c350_0a0302,0a03a2,0a612e,UNCONDITIONAL_CALL
egs52_update_near_c350_0a0302,0a0524,0a0984,UNCONDITIONAL_CALL
egs52_update_near_c350_0a0302,0a0580,09222c,UNCONDITIONAL_CALL
egs52_update_near_c350_0a0302,0a0594,09222c,UNCONDITIONAL_CALL
egs52_update_near_c350_0a0302,0a05bc,09fbc0,UNCONDITIONAL_CALL
egs52_update_near_c350_0a0302,0a05e6,09fbc0,UNCONDITIONAL_CALL
egs52_update_near_c350_0a0302,0a0612,09fbc0,UNCONDITIONAL_CALL
egs52_update_near_c350_0a0302,0a0638,09222c,UNCONDITIONAL_CALL
egs52_update_near_c350_0a0302,0a064c,09222c,UNCONDITIONAL_CALL
egs52_update_near_c350_0a0302,0a0674,09fbc0,UNCONDITIONAL_CALL
egs52_update_near_c350_0a0302,0a06a0,09fbc0,UNCONDITIONAL_CALL
egs52_update_near_c350_0a0302,0a06ce,09fbc0,UNCONDITIONAL_CALL
egs52_update_near_c350_0a0302,0a06f8,09fbc0,UNCONDITIONAL_CALL
egs52_update_near_c350_0a0302,0a0720,09fbc0,UNCONDITIONAL_CALL
egs52_update_near_c350_0a0302,0a0748,09fbc0,UNCONDITIONAL_CALL
egs52_transform_far_memory_0a0770,0a077a,094dcc,UNCONDITIONAL_CALL
egs52_transform_far_memory_0a0770,0a07a0,0a626c,UNCONDITIONAL_CALL
egs52_transform_far_memory_0a0770,0a07dc,0a6006,UNCONDITIONAL_CALL
egs52_transform_far_memory_0a081a,0a0828,094dcc,UNCONDITIONAL_CALL
egs52_transform_far_memory_0a081a,0a086e,0a612e,UNCONDITIONAL_CALL
egs52_transform_far_memory_0a081a,0a08b2,0a612e,UNCONDITIONAL_CALL
egs52_update_near_c34e_0a0984,0a098a,0e3494,UNCONDITIONAL_CALL
egs52_update_near_c34e_0a0984,0a09aa,0e347e,UNCONDITIONAL_CALL
egs52_update_near_c34e_0a0984,0a09d0,0e3494,UNCONDITIONAL_CALL
egs52_update_near_c34e_0a0984,0a09d8,0e347e,UNCONDITIONAL_CALL
egs52_update_near_c34e_0a0984,0a0a7a,09f6de,UNCONDITIONAL_CALL
egs52_update_near_c34e_0a0984,0a0b1a,09f6de,UNCONDITIONAL_CALL
egs52_update_near_c34e_0a0984,0a0b64,09f6de,UNCONDITIONAL_CALL
egs52_update_near_c34e_0a0984,0a0bae,09f6de,UNCONDITIONAL_CALL
egs52_update_near_c34e_0a0984,0a0c00,09f6de,UNCONDITIONAL_CALL
egs52_update_near_c34e_0a0984,0a0c1a,09f6de,UNCONDITIONAL_CALL
egs52_update_near_c34e_0a0984,0a0c66,09f6de,UNCONDITIONAL_CALL
egs52_update_near_c34e_0a0984,0a0c9a,09f6de,UNCONDITIONAL_CALL
egs52_update_near_c34e_0a0984,0a0cb4,09f6de,UNCONDITIONAL_CALL
egs52_transform_far_memory_0a0cc6,0a0d12,09222c,UNCONDITIONAL_CALL
egs52_transform_far_memory_0a0cc6,0a0d42,09222c,UNCONDITIONAL_CALL
egs52_transform_far_memory_0a0cc6,0a0d70,09222c,UNCONDITIONAL_CALL
egs52_transform_far_memory_0a0cc6,0a0da2,09222c,UNCONDITIONAL_CALL
egs52_transform_far_memory_0a0e7c,0a0ec8,09222c,UNCONDITIONAL_CALL
egs52_transform_far_memory_0a0e7c,0a0ef8,09222c,UNCONDITIONAL_CALL
egs52_transform_far_memory_0a0e7c,0a0f26,09222c,UNCONDITIONAL_CALL
egs52_transform_far_memory_0a0e7c,0a0f58,09222c,UNCONDITIONAL_CALL
egs52_compute_from_near_f842_0a1032,0a105e,09222c,UNCONDITIONAL_CALL
egs52_update_near_fd6c_0a107a,0a10b2,0a1e8a,UNCONDITIONAL_CALL
egs52_update_near_fd6c_0a107a,0a10d6,0a2682,UNCONDITIONAL_CALL
egs52_update_near_fd6c_0a10ec,0a117a,0a1e8a,UNCONDITIONAL_CALL
egs52_update_near_fd6c_0a1220,0a1236,0a134c,UNCONDITIONAL_CALL
egs52_update_near_c44e_0a1388,0a13aa,0a1dd8,UNCONDITIONAL_CALL
egs52_transform_memory_0a13e8,0a1430,0a4e9c,UNCONDITIONAL_CALL
egs52_transform_memory_0a13e8,0a144a,0a4e2c,UNCONDITIONAL_CALL
egs52_transform_memory_0a13e8,0a1478,0a1dd8,UNCONDITIONAL_CALL
egs52_update_near_fd6c_0a14c0,0a14dc,0a134c,UNCONDITIONAL_CALL
egs52_update_near_fd6c_0a14c0,0a14f4,0a1fc4,UNCONDITIONAL_CALL
egs52_update_near_fd6c_0a1522,0a1554,0a1fc4,UNCONDITIONAL_CALL
egs52_update_near_f84e_0a16c8,0a1718,0a233e,UNCONDITIONAL_CALL
egs52_update_near_f84e_0a16c8,0a1732,0a4e2c,UNCONDITIONAL_CALL
egs52_update_near_f84e_0a16c8,0a1744,0a20ea,UNCONDITIONAL_CALL
egs52_update_near_f84e_0a16c8,0a1752,0a4e9c,UNCONDITIONAL_CALL
egs52_update_near_f84e_0a16c8,0a1788,0a1dd8,UNCONDITIONAL_CALL
egs52_transform_memory_0a180a,0a1858,0a134c,UNCONDITIONAL_CALL
egs52_update_near_c44e_0a18cc,0a1920,0a1f12,UNCONDITIONAL_CALL
egs52_update_near_c44e_0a18cc,0a19a6,0a2120,UNCONDITIONAL_CALL
egs52_update_near_c44e_0a18cc,0a19ac,0a4d64,UNCONDITIONAL_CALL
egs52_update_near_c44e_0a18cc,0a19dc,0a1e8a,UNCONDITIONAL_CALL
egs52_update_near_c44e_0a18cc,0a19f8,0a2550,UNCONDITIONAL_CALL
egs52_update_near_c44e_0a18cc,0a1a94,0a233e,UNCONDITIONAL_CALL
egs52_match_fault_status_mask,0a1b9a,09f800,UNCONDITIONAL_CALL
egs52_match_fault_status_mask,0a1bb2,0a1220,UNCONDITIONAL_CALL
egs52_match_fault_status_mask,0a1bde,09f7ec,UNCONDITIONAL_CALL
egs52_match_fault_status_mask,0a1be8,09f800,UNCONDITIONAL_CALL
egs52_match_fault_status_mask,0a1bfa,09f828,UNCONDITIONAL_CALL
egs52_match_fault_status_mask,0a1c0c,09f814,UNCONDITIONAL_CALL
egs52_match_fault_status_mask,0a1c1e,09f7d8,UNCONDITIONAL_CALL
egs52_update_near_fd6c_0a1cc8,0a1cd6,0a1f12,UNCONDITIONAL_CALL
egs52_update_near_fd6c_0a1cc8,0a1d16,0a233e,UNCONDITIONAL_CALL
egs52_transform_memory_0a1dd8,0a1dea,0a5112,UNCONDITIONAL_CALL
egs52_transform_memory_0a1dd8,0a1e4c,0a2200,UNCONDITIONAL_CALL
egs52_transform_memory_0a1dd8,0a1e5e,09fb68,UNCONDITIONAL_CALL
egs52_transform_memory_0a1dd8,0a1e70,0a2550,UNCONDITIONAL_CALL
egs52_update_near_fd6c_0a1e8a,0a1eb0,0a1dd8,UNCONDITIONAL_CALL
egs52_update_near_fd6c_0a1e8a,0a1ecc,0a1dd8,UNCONDITIONAL_CALL
egs52_transform_memory_0a1fc4,0a207a,0a28ce,UNCONDITIONAL_CALL
egs52_update_near_fd6c_0a2120,0a21ee,0a50f6,UNCONDITIONAL_CALL
egs52_update_near_fd6c_0a2200,0a232a,0a5104,UNCONDITIONAL_CALL
egs52_call_0a1288_0a2440,0a2458,0a1288,UNCONDITIONAL_CALL
egs52_call_0a1288_0a2440,0a24a4,0a2120,UNCONDITIONAL_CALL
egs52_call_0a1288_0a2440,0a24ae,0a2120,UNCONDITIONAL_CALL
egs52_call_09f858_0a24c8,0a24c8,09f858,UNCONDITIONAL_CALL
egs52_call_09f858_0a24c8,0a24d6,0a1388,UNCONDITIONAL_CALL
egs52_call_09f858_0a24c8,0a24e4,0a2418,UNCONDITIONAL_CALL
egs52_call_09f858_0a24c8,0a24f2,0a27f6,UNCONDITIONAL_CALL
egs52_call_0a13da_0a2504,0a2504,0a13da,UNCONDITIONAL_CALL
egs52_call_0a13da_0a2504,0a2512,0a2440,UNCONDITIONAL_CALL
egs52_call_0a13da_0a2504,0a2520,0a2834,UNCONDITIONAL_CALL
egs52_call_0a13da_0a2504,0a2530,0a16c8,UNCONDITIONAL_CALL
egs52_call_0a13da_0a2504,0a253e,09f874,UNCONDITIONAL_CALL
egs52_update_near_fd6c_0a2550,0a2562,0a2b70,UNCONDITIONAL_CALL
egs52_update_near_fd6c_0a2728,0a2736,0a2b70,UNCONDITIONAL_CALL
egs52_update_near_fd6c_0a283e,0a285e,0a2c70,UNCONDITIONAL_CALL
egs52_update_near_fd6c_0a28ce,0a28e2,0a2b70,UNCONDITIONAL_CALL
egs52_update_near_fd6c_0a28ce,0a28ec,0a2c70,UNCONDITIONAL_CALL
egs52_transform_far_memory_0a290e,0a291c,0a2bd4,UNCONDITIONAL_CALL
egs52_transform_memory_0a2a92,0a2ad2,0a2b70,UNCONDITIONAL_CALL
egs52_transform_memory_0a2d18,0a2d22,097166,UNCONDITIONAL_CALL
egs52_transform_memory_0a2d18,0a2d62,0a3f66,UNCONDITIONAL_CALL
egs52_transform_memory_0a2d18,0a2d98,0971e8,UNCONDITIONAL_CALL
egs52_transform_memory_0a2d18,0a2da2,0a40c6,UNCONDITIONAL_CALL
egs52_transform_memory_0a2d18,0a2dac,097350,UNCONDITIONAL_CALL
egs52_transform_memory_0a2d18,0a2db2,09729a,UNCONDITIONAL_CALL
egs52_transform_memory_0a2d18,0a2dbc,0972dc,UNCONDITIONAL_CALL
egs52_transform_memory_0a2d18,0a2df6,0a3d74,UNCONDITIONAL_CALL
egs52_transform_memory_0a2d18,0a2e4e,0a40c6,UNCONDITIONAL_CALL
egs52_transform_memory_0a2d18,0a2e66,0a3f66,UNCONDITIONAL_CALL
egs52_transform_memory_0a2d18,0a2e7a,0971e8,UNCONDITIONAL_CALL
egs52_transform_memory_0a2d18,0a2e84,0a40c6,UNCONDITIONAL_CALL
egs52_transform_memory_0a2d18,0a2e8e,097350,UNCONDITIONAL_CALL
egs52_transform_memory_0a2d18,0a2e94,09729a,UNCONDITIONAL_CALL
egs52_transform_memory_0a2d18,0a2e9e,0972dc,UNCONDITIONAL_CALL
egs52_transform_memory_0a2d18,0a2ede,0a3d74,UNCONDITIONAL_CALL
egs52_transform_memory_0a2d18,0a2f10,0971e8,UNCONDITIONAL_CALL
egs52_transform_memory_0a2d18,0a2f1a,0a40c6,UNCONDITIONAL_CALL
egs52_transform_memory_0a2d18,0a2f24,097350,UNCONDITIONAL_CALL
egs52_transform_memory_0a2d18,0a2f2a,09729a,UNCONDITIONAL_CALL
egs52_transform_memory_0a2d18,0a2f34,0972dc,UNCONDITIONAL_CALL
egs52_transform_memory_0a2d18,0a2f5c,097172,UNCONDITIONAL_CALL
egs52_transform_memory_0a2d18,0a2f68,0a40c6,UNCONDITIONAL_CALL
egs52_transform_memory_0a2d18,0a2f84,097172,UNCONDITIONAL_CALL
egs52_transform_memory_0a2d18,0a2f94,0a40c6,UNCONDITIONAL_CALL
egs52_transform_memory_0a2d18,0a2f9c,0a40c6,UNCONDITIONAL_CALL
egs52_transform_memory_0a2d18,0a2fa8,0a40c6,UNCONDITIONAL_CALL
egs52_update_near_caa4_0a2fba,0a2ff8,0a3f66,UNCONDITIONAL_CALL
egs52_update_near_caa4_0a2fba,0a3008,0a3f66,UNCONDITIONAL_CALL
egs52_update_near_caa4_0a2fba,0a301a,0a40c6,UNCONDITIONAL_CALL
egs52_update_near_caa4_0a2fba,0a3036,0a3f66,UNCONDITIONAL_CALL
egs52_update_near_caa4_0a2fba,0a3048,0a3f66,UNCONDITIONAL_CALL
egs52_update_near_caa4_0a2fba,0a305a,0a3f66,UNCONDITIONAL_CALL
egs52_update_near_caa4_0a2fba,0a306c,0a3f66,UNCONDITIONAL_CALL
egs52_update_near_caa4_0a2fba,0a307c,0a40c6,UNCONDITIONAL_CALL
egs52_update_near_caa4_0a2fba,0a3084,0a40c6,UNCONDITIONAL_CALL
egs52_update_near_caa4_0a2fba,0a308c,0a40c6,UNCONDITIONAL_CALL
egs52_update_near_caa4_0a2fba,0a309c,0a40c6,UNCONDITIONAL_CALL
egs52_update_near_caa4_0a2fba,0a30a4,0a40c6,UNCONDITIONAL_CALL
egs52_update_near_caa4_0a2fba,0a30b4,0a40c6,UNCONDITIONAL_CALL
egs52_update_near_caa4_0a2fba,0a30d0,0a3f66,UNCONDITIONAL_CALL
egs52_update_near_caa4_0a2fba,0a30ec,0a3f66,UNCONDITIONAL_CALL
egs52_update_near_caa4_0a2fba,0a310a,092248,UNCONDITIONAL_CALL
egs52_update_near_caa4_0a2fba,0a3150,0a3d74,UNCONDITIONAL_CALL
egs52_update_near_caa4_0a2fba,0a318c,097172,UNCONDITIONAL_CALL
egs52_update_near_caa4_0a2fba,0a31a4,097172,UNCONDITIONAL_CALL
egs52_update_near_caa4_0a2fba,0a31d4,0a3d74,UNCONDITIONAL_CALL
egs52_update_near_caa4_0a2fba,0a320c,097172,UNCONDITIONAL_CALL
egs52_update_near_caa4_0a2fba,0a3228,097172,UNCONDITIONAL_CALL
egs52_update_near_caa4_0a2fba,0a3244,097172,UNCONDITIONAL_CALL
egs52_update_near_caa4_0a2fba,0a325c,097172,UNCONDITIONAL_CALL
egs52_update_near_caa4_0a2fba,0a32f0,0a3d74,UNCONDITIONAL_CALL
egs52_update_near_caa4_0a2fba,0a3336,097172,UNCONDITIONAL_CALL
egs52_update_near_caa4_0a2fba,0a3342,0a40c6,UNCONDITIONAL_CALL
egs52_update_near_caa4_0a2fba,0a3366,0a40c6,UNCONDITIONAL_CALL
egs52_update_near_caa4_0a2fba,0a336e,0a40c6,UNCONDITIONAL_CALL
egs52_update_near_caa4_0a2fba,0a3376,0a40c6,UNCONDITIONAL_CALL
egs52_update_near_caa4_0a2fba,0a337e,0a40c6,UNCONDITIONAL_CALL
egs52_update_near_caa4_0a2fba,0a3386,0a40c6,UNCONDITIONAL_CALL
egs52_update_near_caa4_0a2fba,0a338e,0a40c6,UNCONDITIONAL_CALL
egs52_update_near_caa4_0a2fba,0a3396,0a40c6,UNCONDITIONAL_CALL
egs52_update_near_caa4_0a33b2,0a33ce,0a3f66,UNCONDITIONAL_CALL
egs52_update_near_caa4_0a33b2,0a33e2,092248,UNCONDITIONAL_CALL
egs52_update_near_caa4_0a33b2,0a33f2,097172,UNCONDITIONAL_CALL
egs52_update_near_caa4_0a33b2,0a3406,0a40c6,UNCONDITIONAL_CALL
egs52_update_near_caa4_0a3424,0a344c,0a3f66,UNCONDITIONAL_CALL
egs52_update_near_caa4_0a3424,0a34a6,0971e8,UNCONDITIONAL_CALL
egs52_update_near_caa4_0a3424,0a34be,0971e8,UNCONDITIONAL_CALL
egs52_update_near_caa4_0a3424,0a34d6,0971e8,UNCONDITIONAL_CALL
egs52_update_near_caa4_0a3424,0a34ec,0a40c6,UNCONDITIONAL_CALL
egs52_update_near_caa4_0a350e,0a356c,0a3f66,UNCONDITIONAL_CALL
egs52_update_near_caa4_0a350e,0a35b8,0a40c6,UNCONDITIONAL_CALL
egs52_update_near_caa4_0a350e,0a35c8,0a3424,UNCONDITIONAL_CALL
egs52_update_near_caa4_0a350e,0a35f8,0a3f66,UNCONDITIONAL_CALL
egs52_update_near_caa4_0a350e,0a360c,0a40c6,UNCONDITIONAL_CALL
egs52_update_near_caa4_0a350e,0a365c,0971e8,UNCONDITIONAL_CALL
egs52_update_near_caa4_0a350e,0a3684,09729a,UNCONDITIONAL_CALL
egs52_update_near_caa4_0a350e,0a36ba,0972dc,UNCONDITIONAL_CALL
egs52_update_near_caa4_0a350e,0a3700,0a3d74,UNCONDITIONAL_CALL
egs52_update_near_caa4_0a350e,0a37c2,0a40c6,UNCONDITIONAL_CALL
egs52_update_near_caa4_0a350e,0a37ca,0a40c6,UNCONDITIONAL_CALL
egs52_update_near_caa4_0a350e,0a37fc,0a3f66,UNCONDITIONAL_CALL
egs52_update_near_caa4_0a350e,0a3832,0a3f66,UNCONDITIONAL_CALL
egs52_update_near_caa4_0a350e,0a3846,0a40c6,UNCONDITIONAL_CALL
egs52_update_near_caa4_0a350e,0a3872,0a3874,COMPUTED_JUMP
egs52_update_near_caa4_0a350e,0a3872,0a39a4,COMPUTED_JUMP
egs52_update_near_caa4_0a350e,0a3872,0a38ae,COMPUTED_JUMP
egs52_update_near_caa4_0a350e,0a3872,0a39f8,COMPUTED_JUMP
egs52_update_near_caa4_0a350e,0a3872,0a396a,COMPUTED_JUMP
egs52_update_near_caa4_0a350e,0a3872,0a3a3a,COMPUTED_JUMP
egs52_update_near_caa4_0a350e,0a388e,0971e8,UNCONDITIONAL_CALL
egs52_update_near_caa4_0a350e,0a38b6,09729a,UNCONDITIONAL_CALL
egs52_update_near_caa4_0a350e,0a38c8,0972dc,UNCONDITIONAL_CALL
egs52_update_near_caa4_0a350e,0a38fc,0a3d74,UNCONDITIONAL_CALL
egs52_update_near_caa4_0a350e,0a3954,0a40c6,UNCONDITIONAL_CALL
egs52_update_near_caa4_0a350e,0a395c,0a40c6,UNCONDITIONAL_CALL
egs52_update_near_caa4_0a350e,0a3984,0971e8,UNCONDITIONAL_CALL
egs52_update_near_caa4_0a350e,0a39ac,09729a,UNCONDITIONAL_CALL
egs52_update_near_caa4_0a350e,0a39be,0972dc,UNCONDITIONAL_CALL
egs52_update_near_caa4_0a350e,0a39d4,0a40c6,UNCONDITIONAL_CALL
egs52_update_near_caa4_0a350e,0a39dc,0a40c6,UNCONDITIONAL_CALL
egs52_update_near_caa4_0a350e,0a3a24,097172,UNCONDITIONAL_CALL
egs52_update_near_caa4_0a350e,0a3a5a,097172,UNCONDITIONAL_CALL
egs52_update_near_caa4_0a350e,0a3a68,0a40c6,UNCONDITIONAL_CALL
egs52_update_near_caa4_0a350e,0a3a8a,0a3424,UNCONDITIONAL_CALL
egs52_update_near_caa4_0a3b10,0a3b30,09729a,UNCONDITIONAL_CALL
egs52_update_near_caa4_0a3b10,0a3b4c,0972dc,UNCONDITIONAL_CALL
egs52_update_near_caa4_0a3b10,0a3b80,0a3d74,UNCONDITIONAL_CALL
egs52_update_near_caa4_0a3b10,0a3b9c,092248,UNCONDITIONAL_CALL
egs52_update_near_caa4_0a3b10,0a3ba4,0a40c6,UNCONDITIONAL_CALL
egs52_update_near_caa4_0a3b10,0a3bba,0a40c6,UNCONDITIONAL_CALL
egs52_update_near_caa4_0a3b10,0a3bdc,092248,UNCONDITIONAL_CALL
egs52_update_near_caa4_0a3ca8,0a3cc0,0a3f66,UNCONDITIONAL_CALL
egs52_update_near_caa4_0a3ca8,0a3cd6,0971e8,UNCONDITIONAL_CALL
egs52_update_near_caa4_0a3ca8,0a3ce8,0a40c6,UNCONDITIONAL_CALL
egs52_update_near_caa4_0a3d02,0a3d1e,09729a,UNCONDITIONAL_CALL
egs52_update_near_caa4_0a3d02,0a3d32,0972dc,UNCONDITIONAL_CALL
egs52_update_near_caa4_0a3d02,0a3d40,092248,UNCONDITIONAL_CALL
egs52_update_near_caa4_0a3d02,0a3d46,0a40c6,UNCONDITIONAL_CALL
egs52_call_092118_0a3d74,0a3d7a,092118,UNCONDITIONAL_CALL
egs52_call_092118_0a3d74,0a3d88,09efaa,UNCONDITIONAL_CALL
egs52_update_near_caa6_0a3d94,0a3da6,0a3d02,UNCONDITIONAL_CALL
egs52_update_near_caa6_0a3d94,0a3dda,097172,UNCONDITIONAL_CALL
egs52_update_near_caaa_0a3e0c,0a3e1e,0a3d02,UNCONDITIONAL_CALL
egs52_update_near_caaa_0a3e0c,0a3e54,0a3e56,COMPUTED_JUMP
egs52_update_near_caaa_0a3e0c,0a3e54,0a3e7c,COMPUTED_JUMP
egs52_update_near_caaa_0a3e0c,0a3e5a,095b76,UNCONDITIONAL_CALL
egs52_update_near_caaa_0a3e0c,0a3e64,095b6a,UNCONDITIONAL_CALL
egs52_update_near_caaa_0a3e0c,0a3e78,092248,UNCONDITIONAL_CALL
egs52_update_near_caaa_0a3e0c,0a3e8c,0a2fba,UNCONDITIONAL_CALL
egs52_update_near_caaf_0a3eba,0a3ed4,0a3d02,UNCONDITIONAL_CALL
egs52_update_near_caaf_0a3eba,0a3f06,095b76,UNCONDITIONAL_CALL
egs52_update_near_caaf_0a3eba,0a3f10,095b6a,UNCONDITIONAL_CALL
egs52_update_near_caaf_0a3eba,0a3f24,092248,UNCONDITIONAL_CALL
egs52_update_near_caaf_0a3eba,0a3f38,0a2fba,UNCONDITIONAL_CALL
egs52_call_096f56_0a41b6,0a41c0,096f56,UNCONDITIONAL_CALL
egs52_call_096f56_0a41b6,0a41cc,0a1b8c,UNCONDITIONAL_CALL
egs52_call_096f56_0a41b6,0a41da,0a1b8c,UNCONDITIONAL_CALL
egs52_call_096f56_0a41b6,0a41e8,0a1b8c,UNCONDITIONAL_CALL
egs52_call_096f56_0a41b6,0a4264,097f16,UNCONDITIONAL_CALL
egs52_update_near_f5b0_0a4270,0a4286,092226,UNCONDITIONAL_CALL
egs52_update_near_f5b0_0a4270,0a42ea,092226,UNCONDITIONAL_CALL
egs52_update_near_f5b0_0a4270,0a431e,092226,UNCONDITIONAL_CALL
egs52_update_near_f5b0_0a4270,0a43ac,0a460c,UNCONDITIONAL_CALL
egs52_update_near_f5b0_0a4270,0a4402,092226,UNCONDITIONAL_CALL
egs52_call_0a4430_0a4426,0a4426,0a4430,UNCONDITIONAL_CALL
egs52_call_0a4430_0a4426,0a442a,0a4446,UNCONDITIONAL_CALL
egs52_update_near_f57f_0a4446,0a448c,0a44ec,UNCONDITIONAL_CALL
egs52_update_near_f57f_0a4446,0a44e6,09492a,UNCONDITIONAL_CALL
egs52_call_0a4582_0a4542,0a4542,0a4582,UNCONDITIONAL_CALL
egs52_call_0a4582_0a4548,0a4548,0a4582,UNCONDITIONAL_CALL
egs52_call_0a463e_0a457c,0a457c,0a463e,UNCONDITIONAL_CALL
egs52_update_near_f456_0a460c,0a4638,092226,UNCONDITIONAL_CALL
egs52_transform_memory_0a4678,0a46d8,092226,UNCONDITIONAL_CALL
egs52_update_near_caca_0a474e,0a474e,09c448,UNCONDITIONAL_CALL
egs52_update_near_caca_0a474e,0a4752,09c710,UNCONDITIONAL_CALL
egs52_call_09c462_0a475e,0a4768,09c462,UNCONDITIONAL_CALL
egs52_update_near_cacc_0a476e,0a4786,09c462,UNCONDITIONAL_CALL
egs52_update_near_cacc_0a476e,0a4796,09c724,UNCONDITIONAL_CALL
egs52_call_09cb22_0a47a8,0a47a8,09cb22,UNCONDITIONAL_CALL
egs52_compute_from_near_cace_0a47c0,0a47c0,09f35a,UNCONDITIONAL_CALL
egs52_compute_from_near_cace_0a47c0,0a47c4,09f3f2,UNCONDITIONAL_CALL
egs52_compute_from_near_cace_0a47d4,0a47d4,09f3bc,UNCONDITIONAL_CALL
egs52_compute_from_near_cace_0a47d4,0a47d8,09f3f2,UNCONDITIONAL_CALL
egs52_call_09f47c_0a47f0,0a47fa,09f47c,UNCONDITIONAL_CALL
egs52_transform_memory_0a4e9c,0a4ec8,09f7d8,UNCONDITIONAL_CALL
egs52_transform_memory_0a4e9c,0a4ee2,0a4fc0,UNCONDITIONAL_CALL
egs52_transform_memory_0a4e9c,0a4ef0,0a4fc0,UNCONDITIONAL_CALL
egs52_update_near_ccd4_0a4f28,0a4f86,0a13e8,UNCONDITIONAL_CALL
egs52_update_near_cce8_0a4fc0,0a4fce,0a134c,UNCONDITIONAL_CALL
egs52_update_near_cce8_0a4fc0,0a5002,0a20ea,UNCONDITIONAL_CALL
egs52_update_near_cce8_0a4fc0,0a507a,09f7d8,UNCONDITIONAL_CALL
egs52_update_near_cce8_0a4fc0,0a50ba,095f8e,UNCONDITIONAL_CALL
egs52_update_near_cce8_0a4fc0,0a50e6,095f8e,UNCONDITIONAL_CALL
egs52_compute_from_near_c606_0a50f6,0a50fc,094980,UNCONDITIONAL_CALL
egs52_compute_from_near_c606_0a5104,0a510a,094980,UNCONDITIONAL_CALL
egs52_update_near_cce8_0a5112,0a5140,095f8e,UNCONDITIONAL_CALL
egs52_call_0a1c96_0a514a,0a5152,0a1c96,UNCONDITIONAL_CALL
egs52_call_0a1c96_0a514a,0a518e,09ff1e,UNCONDITIONAL_CALL
egs52_update_near_ccec_0a5198,0a51ec,0a6388,UNCONDITIONAL_CALL
egs52_transform_memory_0a51f2,0a5202,0a638a,UNCONDITIONAL_CALL
egs52_transform_memory_0a51f2,0a520e,0a638a,UNCONDITIONAL_CALL
egs52_transform_memory_0a51f2,0a5212,0964d2,UNCONDITIONAL_CALL
egs52_transform_memory_0a51f2,0a524c,0964d2,UNCONDITIONAL_CALL
egs52_transform_memory_0a51f2,0a52a8,09fbc0,UNCONDITIONAL_CALL
egs52_transform_memory_0a51f2,0a52b4,09fbc0,UNCONDITIONAL_CALL
egs52_transform_memory_0a51f2,0a52c0,09fbc0,UNCONDITIONAL_CALL
egs52_transform_memory_0a51f2,0a52c8,0964d2,UNCONDITIONAL_CALL
egs52_transform_memory_0a51f2,0a52d0,0964d2,UNCONDITIONAL_CALL
egs52_transform_memory_0a51f2,0a52d8,0964d2,UNCONDITIONAL_CALL
egs52_transform_memory_0a51f2,0a5312,0964d2,UNCONDITIONAL_CALL
egs52_transform_memory_0a51f2,0a5328,0a1b8c,UNCONDITIONAL_CALL
egs52_transform_memory_0a51f2,0a5332,0964d2,UNCONDITIONAL_CALL
egs52_transform_memory_0a51f2,0a53b8,0964d2,UNCONDITIONAL_CALL
egs52_transform_memory_0a51f2,0a53d2,0964d2,UNCONDITIONAL_CALL
egs52_transform_memory_0a51f2,0a53f6,0964d2,UNCONDITIONAL_CALL
egs52_transform_memory_0a51f2,0a5414,09fbc0,UNCONDITIONAL_CALL
egs52_transform_memory_0a51f2,0a5428,09fbc0,UNCONDITIONAL_CALL
egs52_transform_memory_0a51f2,0a5430,0964d2,UNCONDITIONAL_CALL
egs52_transform_memory_0a51f2,0a5444,09fbc0,UNCONDITIONAL_CALL
egs52_transform_memory_0a51f2,0a5452,09fbc0,UNCONDITIONAL_CALL
egs52_transform_memory_0a51f2,0a5456,0964d2,UNCONDITIONAL_CALL
egs52_transform_memory_0a51f2,0a5464,09fbc0,UNCONDITIONAL_CALL
egs52_transform_memory_0a51f2,0a5472,09fbc0,UNCONDITIONAL_CALL
egs52_transform_memory_0a51f2,0a5482,0a10ec,UNCONDITIONAL_CALL
egs52_call_0a638a_0a5490,0a5498,0a638a,UNCONDITIONAL_CALL
egs52_update_near_cd16_0a549e,0a5558,0a64f2,UNCONDITIONAL_CALL
egs52_update_near_cd16_0a549e,0a555e,0a64f2,UNCONDITIONAL_CALL
egs52_update_near_cd16_0a549e,0a5564,0a64f2,UNCONDITIONAL_CALL
egs52_update_near_cd64_0a556c,0a55b6,0a64fe,UNCONDITIONAL_CALL
egs52_update_near_cd64_0a556c,0a5630,0a64fe,UNCONDITIONAL_CALL
egs52_update_near_cd64_0a556c,0a5666,0964d2,UNCONDITIONAL_CALL
egs52_update_near_cd64_0a556c,0a56b8,0a64fe,UNCONDITIONAL_CALL
egs52_update_near_cda0_0a56f0,0a56f0,097928,UNCONDITIONAL_CALL
egs52_update_near_cda0_0a56f0,0a56fc,097ac6,UNCONDITIONAL_CALL
egs52_update_near_cda0_0a56f0,0a5700,097954,UNCONDITIONAL_CALL
egs52_update_near_cda0_0a56f0,0a5704,097a40,UNCONDITIONAL_CALL
egs52_update_near_cda0_0a56f0,0a5708,097a1e,UNCONDITIONAL_CALL
egs52_update_near_cda0_0a56f0,0a570c,097a7a,UNCONDITIONAL_CALL
egs52_update_near_cda0_0a56f0,0a5710,0a24c8,UNCONDITIONAL_CALL
egs52_update_near_cda0_0a56f0,0a5714,09496c,UNCONDITIONAL_CALL
egs52_update_near_cda0_0a56f0,0a5718,099124,UNCONDITIONAL_CALL
egs52_update_near_cda0_0a56f0,0a571c,0980fa,UNCONDITIONAL_CALL
egs52_update_near_cda0_0a56f0,0a5720,097ad6,UNCONDITIONAL_CALL
egs52_update_near_cda0_0a56f0,0a5724,0a6336,UNCONDITIONAL_CALL
egs52_update_near_cda0_0a56f0,0a5728,097610,UNCONDITIONAL_CALL
egs52_update_near_cda0_0a56f0,0a572c,096e76,UNCONDITIONAL_CALL
egs52_update_near_cda0_0a56f0,0a5730,099688,UNCONDITIONAL_CALL
egs52_update_near_cda0_0a56f0,0a5734,0a47c0,UNCONDITIONAL_CALL
egs52_update_near_cda0_0a56f0,0a5738,094dd2,UNCONDITIONAL_CALL
egs52_update_near_cda0_0a56f0,0a573c,09677a,UNCONDITIONAL_CALL
egs52_update_near_cda0_0a56f0,0a5740,0a5198,UNCONDITIONAL_CALL
egs52_update_near_cda0_0a56f0,0a5744,0a474e,UNCONDITIONAL_CALL
egs52_update_near_cda0_0a56f0,0a5748,0a549e,UNCONDITIONAL_CALL
egs52_update_near_cda0_0a56f0,0a574c,094156,UNCONDITIONAL_CALL
egs52_update_near_cda0_0a56f0,0a5750,097a84,UNCONDITIONAL_CALL
egs52_update_near_cda0_0a56f0,0a5754,093d4c,UNCONDITIONAL_CALL
egs52_update_near_cda0_0a56f0,0a5758,099450,UNCONDITIONAL_CALL
egs52_update_near_cda0_0a56f0,0a575c,09945a,UNCONDITIONAL_CALL
egs52_update_near_cda0_0a56f0,0a5760,09415c,UNCONDITIONAL_CALL
egs52_update_near_cda0_0a56f0,0a5764,09792e,UNCONDITIONAL_CALL
egs52_update_near_cda0_0a56f0,0a5768,09512a,UNCONDITIONAL_CALL
egs52_update_near_cda0_0a56f0,0a576c,097678,UNCONDITIONAL_CALL
egs52_update_near_cda0_0a56f0,0a5770,0a4430,UNCONDITIONAL_CALL
egs52_update_near_cda0_0a56f0,0a5774,0a4446,UNCONDITIONAL_CALL
egs52_update_near_cda0_0a56f0,0a5778,09ff88,UNCONDITIONAL_CALL
egs52_update_near_cda0_0a56f0,0a577c,096564,UNCONDITIONAL_CALL
egs52_call_0a4446_0a5800,0a5800,0a4446,UNCONDITIONAL_CALL
egs52_call_0a4446_0a5800,0a5804,0a4430,UNCONDITIONAL_CALL
egs52_compute_from_near_f581_0a580a,0a580a,0a5830,UNCONDITIONAL_CALL
egs52_compute_from_near_f581_0a580a,0a580e,0a5874,UNCONDITIONAL_CALL
egs52_compute_from_near_f581_0a580a,0a5812,0a4270,UNCONDITIONAL_CALL
egs52_compute_from_near_f581_0a580a,0a5816,0a5856,UNCONDITIONAL_CALL
egs52_compute_from_near_f581_0a580a,0a5820,0999ca,UNCONDITIONAL_CALL
egs52_compute_from_near_f581_0a580a,0a5826,0996a2,UNCONDITIONAL_CALL
egs52_update_near_f405_0a58ac,0a58ac,097938,UNCONDITIONAL_CALL
egs52_update_near_f405_0a58ac,0a58b0,0a47c0,UNCONDITIONAL_CALL
egs52_update_near_f405_0a58ac,0a58b4,096786,UNCONDITIONAL_CALL
egs52_update_near_f405_0a58ac,0a58b8,09655e,UNCONDITIONAL_CALL
egs52_update_near_f405_0a58ac,0a58c6,097634,UNCONDITIONAL_CALL
egs52_update_near_f405_0a58ac,0a58ca,0994da,UNCONDITIONAL_CALL
egs52_update_near_f405_0a58ac,0a58d2,0994c8,UNCONDITIONAL_CALL
egs52_compute_from_near_f3e4_0a58e2,0a58f0,09fbc0,UNCONDITIONAL_CALL
egs52_compute_from_near_f3e4_0a58e2,0a58fc,09fbc0,UNCONDITIONAL_CALL
egs52_compute_from_near_f3e4_0a58e2,0a590e,09fbc0,UNCONDITIONAL_CALL
egs52_compute_from_near_f3e4_0a58e2,0a591a,09fbc0,UNCONDITIONAL_CALL
egs52_compute_from_near_f3e4_0a58e2,0a592c,09fbc0,UNCONDITIONAL_CALL
egs52_compute_from_near_f3e4_0a58e2,0a5938,09fbc0,UNCONDITIONAL_CALL
egs52_compute_from_near_f3e4_0a58e2,0a594a,09fbc0,UNCONDITIONAL_CALL
egs52_compute_from_near_f3e4_0a58e2,0a5956,09fbc0,UNCONDITIONAL_CALL
egs52_compute_from_near_f3e4_0a58e2,0a5968,09fbc0,UNCONDITIONAL_CALL
egs52_compute_from_near_f3e4_0a58e2,0a5974,09fbc0,UNCONDITIONAL_CALL
egs52_compute_from_near_f3e4_0a58e2,0a5986,09fbc0,UNCONDITIONAL_CALL
egs52_compute_from_near_f3e4_0a58e2,0a5992,09fbc0,UNCONDITIONAL_CALL
egs52_compute_from_near_f3e4_0a58e2,0a59a4,09fbc0,UNCONDITIONAL_CALL
egs52_compute_from_near_f3e4_0a58e2,0a59b0,09fbc0,UNCONDITIONAL_CALL
egs52_boot_request_65,0a59fe,092226,UNCONDITIONAL_CALL
egs52_boot_request_53,0a5a52,092226,UNCONDITIONAL_CALL
egs52_update_near_f3fe_0a5a62,0a5aa6,092226,UNCONDITIONAL_CALL
egs52_update_near_f3fe_0a5a62,0a5afa,092226,UNCONDITIONAL_CALL
egs52_update_near_f3fe_0a5a62,0a5b54,092226,UNCONDITIONAL_CALL
egs52_transform_far_memory_0a5b5e,0a5baa,09222c,UNCONDITIONAL_CALL
egs52_transform_far_memory_0a5b5e,0a5bc6,09222c,UNCONDITIONAL_CALL
egs52_transform_far_memory_0a5b5e,0a5c12,09222c,UNCONDITIONAL_CALL
egs52_transform_far_memory_0a5b5e,0a5c24,09222c,UNCONDITIONAL_CALL
egs52_update_near_cda4_0a5c46,0a5c9a,09222c,UNCONDITIONAL_CALL
egs52_update_near_cda4_0a5c46,0a5cf0,09222c,UNCONDITIONAL_CALL
egs52_update_near_cda4_0a5c46,0a5d0c,09222c,UNCONDITIONAL_CALL
egs52_update_near_cda4_0a5c46,0a5dfc,09222c,UNCONDITIONAL_CALL
egs52_update_near_cda4_0a5c46,0a5e54,09222c,UNCONDITIONAL_CALL
egs52_update_near_cda4_0a5c46,0a5e70,09222c,UNCONDITIONAL_CALL
egs52_transform_far_memory_0a6006,0a60b0,092248,UNCONDITIONAL_CALL
egs52_transform_far_memory_0a612e,0a61f0,092248,UNCONDITIONAL_CALL
egs52_transform_far_memory_0a612e,0a6212,092248,UNCONDITIONAL_CALL
egs52_update_near_f9e0_0a62aa,0a62ce,0a081a,UNCONDITIONAL_CALL
egs52_update_near_f9e0_0a62aa,0a62f0,09419a,UNCONDITIONAL_CALL
egs52_update_near_f9e0_0a62aa,0a6314,09419a,UNCONDITIONAL_CALL
egs52_update_near_f1de_0a6336,0a6340,09fbc0,UNCONDITIONAL_CALL
egs52_update_near_f9e0_0a6346,0a6372,09fbc0,UNCONDITIONAL_CALL
egs52_transform_memory_0a638a,0a639e,09226c,UNCONDITIONAL_CALL
egs52_transform_memory_0a638a,0a63b4,0a644c,UNCONDITIONAL_CALL
egs52_transform_memory_0a638a,0a643a,0a6498,UNCONDITIONAL_CALL
egs52_call_096f56_0a644c,0a6458,096f56,UNCONDITIONAL_CALL
egs52_call_0a6784_0a64f2,0a64f8,0a6784,UNCONDITIONAL_CALL
egs52_transform_memory_0a64fe,0a6548,0a6808,UNCONDITIONAL_CALL
egs52_transform_memory_0a64fe,0a658a,0921b4,UNCONDITIONAL_CALL
egs52_transform_memory_0a64fe,0a6592,09212e,UNCONDITIONAL_CALL
egs52_transform_memory_0a64fe,0a65d6,0a6784,UNCONDITIONAL_CALL
egs52_transform_memory_0a64fe,0a6636,0a670c,UNCONDITIONAL_CALL
egs52_transform_memory_0a64fe,0a66b6,0a6710,UNCONDITIONAL_CALL
egs52_transform_memory_0a64fe,0a66f2,0a6708,UNCONDITIONAL_CALL
egs52_transform_memory_0a6808,0a688a,09214e,UNCONDITIONAL_CALL
egs52_update_near_fdec_0a68b2,0a6906,0a69a6,UNCONDITIONAL_CALL
egs52_update_near_fdec_0a68b2,0a691a,092226,UNCONDITIONAL_CALL
egs52_update_near_fdec_0a68b2,0a697a,0a69a6,UNCONDITIONAL_CALL
egs52_update_near_fdec_0a68b2,0a698c,092226,UNCONDITIONAL_CALL
egs52_update_near_f469_0a69e2,0a6a02,0a7ab6,UNCONDITIONAL_CALL
egs52_update_near_cde0_0a6a82,0a6b0e,0a77dc,UNCONDITIONAL_CALL
egs52_update_near_cde0_0a6a82,0a6b38,0a77dc,UNCONDITIONAL_CALL
egs52_update_near_cde0_0a6a82,0a6bbc,0a77dc,UNCONDITIONAL_CALL
egs52_update_near_f469_0a6bf8,0a6c3a,0a79fc,UNCONDITIONAL_CALL
egs52_update_near_cdec_0a6e7c,0a6f4e,09db38,UNCONDITIONAL_CALL
egs52_update_near_cdec_0a6e7c,0a6fb8,09df5c,UNCONDITIONAL_CALL
egs52_update_near_cdec_0a6e7c,0a6fd4,09de7a,UNCONDITIONAL_CALL
egs52_update_near_cdec_0a6e7c,0a704e,093e10,UNCONDITIONAL_CALL
egs52_update_near_cdec_0a6e7c,0a70ee,093e10,UNCONDITIONAL_CALL
egs52_update_near_cdec_0a6e7c,0a7136,093f04,UNCONDITIONAL_CALL
egs52_update_near_cdec_0a6e7c,0a7240,097938,UNCONDITIONAL_CALL
egs52_update_near_cdec_0a6e7c,0a7252,092226,UNCONDITIONAL_CALL
egs52_update_near_cdec_0a6e7c,0a725a,09792e,UNCONDITIONAL_CALL
egs52_update_near_cdec_0a6e7c,0a72d8,0a3d94,UNCONDITIONAL_CALL
egs52_update_near_cdec_0a6e7c,0a730a,0a3d94,UNCONDITIONAL_CALL
egs52_update_near_cdec_0a6e7c,0a7370,0a3e0c,UNCONDITIONAL_CALL
egs52_update_near_cdec_0a6e7c,0a73a2,0a3e0c,UNCONDITIONAL_CALL
egs52_update_near_cdec_0a6e7c,0a7408,095f04,UNCONDITIONAL_CALL
egs52_update_near_cdec_0a6e7c,0a743a,095f04,UNCONDITIONAL_CALL
egs52_update_near_cdec_0a6e7c,0a74ae,0d0000,UNCONDITIONAL_CALL
egs52_update_near_cdec_0a6e7c,0a74c4,0a3d02,UNCONDITIONAL_CALL
egs52_update_near_cdec_0a6e7c,0a74f6,0d0000,UNCONDITIONAL_CALL
egs52_update_near_cdec_0a6e7c,0a75ac,09da5e,UNCONDITIONAL_CALL
egs52_update_near_cdec_0a6e7c,0a75c2,0a3d94,UNCONDITIONAL_CALL
egs52_update_near_cdec_0a6e7c,0a764a,0a3eba,UNCONDITIONAL_CALL
egs52_update_near_cdec_0a6e7c,0a7678,0a3eba,UNCONDITIONAL_CALL
egs52_update_near_f581_0a76d8,0a770c,09ed5c,UNCONDITIONAL_CALL
egs52_update_near_f581_0a76d8,0a773a,09edae,UNCONDITIONAL_CALL
egs52_update_near_f581_0a76d8,0a7782,093f04,UNCONDITIONAL_CALL
egs52_update_near_cdf1_0a77dc,0a7822,09f828,UNCONDITIONAL_CALL
egs52_update_near_cdf1_0a77dc,0a785a,0a1288,UNCONDITIONAL_CALL
egs52_update_near_cdf1_0a77dc,0a78dc,09f828,UNCONDITIONAL_CALL
egs52_update_near_cdf1_0a77dc,0a7904,0a1b8c,UNCONDITIONAL_CALL
egs52_update_near_cdf1_0a77dc,0a7916,0a1220,UNCONDITIONAL_CALL
egs52_update_near_cdf1_0a77dc,0a795c,0a1288,UNCONDITIONAL_CALL
egs52_update_near_cdf1_0a77dc,0a7976,0a1b8c,UNCONDITIONAL_CALL
egs52_update_near_cdf1_0a77dc,0a799c,0a1522,UNCONDITIONAL_CALL
egs52_transform_memory_0a79fc,0a7a0a,0a1c32,UNCONDITIONAL_CALL
egs52_transform_memory_0a79fc,0a7a34,0a1b8c,UNCONDITIONAL_CALL
egs52_transform_memory_0a79fc,0a7a44,0a1220,UNCONDITIONAL_CALL
egs52_transform_memory_0a79fc,0a7a72,0a14c0,UNCONDITIONAL_CALL
egs52_update_near_cdf4_0a7ab6,0a7ad4,095f98,UNCONDITIONAL_CALL
egs52_update_near_cdf4_0a7ab6,0a7ae6,0a107a,UNCONDITIONAL_CALL
egs52_update_near_cdf4_0a7ab6,0a7b1a,0a10ec,UNCONDITIONAL_CALL
egs52_update_near_cdf4_0a7ab6,0a7b4c,095f98,UNCONDITIONAL_CALL
egs52_update_near_cdf4_0a7ab6,0a7b7c,095b38,UNCONDITIONAL_CALL
egs52_update_near_fd02_0a7b9e,0a7bba,092226,UNCONDITIONAL_CALL
egs52_update_near_fd02_0a7b9e,0a7bea,0a7d0e,UNCONDITIONAL_CALL
egs52_update_near_fd02_0a7b9e,0a7c02,092226,UNCONDITIONAL_CALL
egs52_update_near_fd02_0a7b9e,0a7c18,0a7d0e,UNCONDITIONAL_CALL
egs52_transform_memory_0a7c20,0a7c4a,0a7dea,UNCONDITIONAL_CALL
egs52_transform_memory_0a7c20,0a7c9c,092226,UNCONDITIONAL_CALL
egs52_transform_memory_0a7c20,0a7cba,092226,UNCONDITIONAL_CALL
egs52_transform_memory_0a7c20,0a7cd2,092226,UNCONDITIONAL_CALL
egs52_update_near_f8b6_0a7e36,0a7e78,0a7c20,UNCONDITIONAL_CALL
egs52_update_near_f8b6_0a7e36,0a7e98,092226,UNCONDITIONAL_CALL
egs52_update_near_f8b6_0a7e36,0a7ece,092226,UNCONDITIONAL_CALL
egs52_update_near_f8b6_0a7e36,0a7f06,092226,UNCONDITIONAL_CALL
egs52_update_near_f8b6_0a7e36,0a7f36,0a7dea,UNCONDITIONAL_CALL
egs52_update_near_f8b6_0a7e36,0a7f9e,0a7c20,UNCONDITIONAL_CALL
egs52_update_near_d447_0d0000,0d0040,095abc,UNCONDITIONAL_CALL
egs52_update_near_d447_0d0000,0d0076,095abc,UNCONDITIONAL_CALL
egs52_update_near_d64a_0d0086,0d016e,0dd7fa,UNCONDITIONAL_CALL
egs52_update_near_d64a_0d0086,0d019e,0d6bee,UNCONDITIONAL_CALL
egs52_update_near_d588_0d01aa,0d01ae,0dedbc,UNCONDITIONAL_CALL
egs52_update_near_d588_0d01aa,0d01b2,0e35c4,UNCONDITIONAL_CALL
egs52_update_near_d588_0d01aa,0d01c8,0d032c,UNCONDITIONAL_CALL
egs52_update_near_d588_0d01aa,0d01cc,0964a2,UNCONDITIONAL_CALL
egs52_update_near_d588_0d01aa,0d01d2,0e3672,UNCONDITIONAL_CALL
egs52_update_near_d588_0d01aa,0d01d6,0e3ecc,UNCONDITIONAL_CALL
egs52_update_near_d588_0d01aa,0d01da,0e403c,UNCONDITIONAL_CALL
egs52_update_near_d588_0d01aa,0d01de,0e5e30,UNCONDITIONAL_CALL
egs52_update_near_d588_0d01aa,0d01e2,0e40a0,UNCONDITIONAL_CALL
egs52_update_near_d588_0d01aa,0d01e6,0e46f4,UNCONDITIONAL_CALL
egs52_update_near_d588_0d01aa,0d01ea,0e4958,UNCONDITIONAL_CALL
egs52_update_near_d588_0d01aa,0d01ee,0e4b56,UNCONDITIONAL_CALL
egs52_update_near_d588_0d01aa,0d01f2,0e4c42,UNCONDITIONAL_CALL
egs52_update_near_d588_0d01aa,0d01f6,0e4db0,UNCONDITIONAL_CALL
egs52_update_near_d588_0d01aa,0d01fa,0e4e30,UNCONDITIONAL_CALL
egs52_update_near_d588_0d01aa,0d01fe,0e0742,UNCONDITIONAL_CALL
egs52_update_near_d588_0d01aa,0d0202,0e58be,UNCONDITIONAL_CALL
egs52_update_near_d588_0d01aa,0d0206,0e5ae0,UNCONDITIONAL_CALL
egs52_update_near_d588_0d01aa,0d020a,0de4f0,UNCONDITIONAL_CALL
egs52_update_near_d588_0d01aa,0d020e,0e5ae0,UNCONDITIONAL_CALL
egs52_update_near_d588_0d01aa,0d0212,0e5df0,UNCONDITIONAL_CALL
egs52_update_near_d588_0d01aa,0d0216,0e5eb4,UNCONDITIONAL_CALL
egs52_update_near_d588_0d01aa,0d021a,0e31ae,UNCONDITIONAL_CALL
egs52_update_near_d588_0d01aa,0d021e,0964a2,UNCONDITIONAL_CALL
egs52_update_near_d588_0d01aa,0d0228,0964a2,UNCONDITIONAL_CALL
egs52_update_near_d588_0d01aa,0d022e,0d072a,UNCONDITIONAL_CALL
egs52_update_near_d588_0d01aa,0d0232,0d202e,UNCONDITIONAL_CALL
egs52_update_near_d588_0d01aa,0d0236,0d269c,UNCONDITIONAL_CALL
egs52_update_near_d588_0d01aa,0d023a,0964a2,UNCONDITIONAL_CALL
egs52_update_near_d588_0d01aa,0d0244,0964a2,UNCONDITIONAL_CALL
egs52_update_near_d588_0d01aa,0d024a,0d1816,UNCONDITIONAL_CALL
egs52_update_near_d588_0d01aa,0d024e,0d0c8e,UNCONDITIONAL_CALL
egs52_update_near_d588_0d01aa,0d0252,0d2b08,UNCONDITIONAL_CALL
egs52_update_near_d588_0d01aa,0d0256,0964a2,UNCONDITIONAL_CALL
egs52_update_near_d588_0d01aa,0d0260,0964a2,UNCONDITIONAL_CALL
egs52_update_near_d588_0d01aa,0d0266,0d0086,UNCONDITIONAL_CALL
egs52_update_near_d588_0d01aa,0d026a,0964a2,UNCONDITIONAL_CALL
egs52_update_near_d588_0d01aa,0d0274,0964a2,UNCONDITIONAL_CALL
egs52_update_near_d588_0d01aa,0d027a,0e7468,UNCONDITIONAL_CALL
egs52_update_near_d588_0d01aa,0d027e,0e2fdc,UNCONDITIONAL_CALL
egs52_update_near_d588_0d01aa,0d0282,0e813e,UNCONDITIONAL_CALL
egs52_update_near_d588_0d01aa,0d0286,0e357c,UNCONDITIONAL_CALL
egs52_update_near_d588_0d01aa,0d028a,0964a2,UNCONDITIONAL_CALL
egs52_update_near_d588_0d01aa,0d0294,0964a2,UNCONDITIONAL_CALL
egs52_update_near_d588_0d01aa,0d029a,0e1ffc,UNCONDITIONAL_CALL
egs52_update_near_d588_0d01aa,0d029e,0964a2,UNCONDITIONAL_CALL
egs52_update_near_d588_0d01aa,0d02a8,0e2f7c,UNCONDITIONAL_CALL
egs52_update_near_d588_0d01aa,0d02ac,0e69be,UNCONDITIONAL_CALL
egs52_update_near_d588_0d01aa,0d02b0,0e6a92,UNCONDITIONAL_CALL
egs52_update_near_d588_0d01aa,0d02b4,0e7216,UNCONDITIONAL_CALL
egs52_update_near_d588_0d01aa,0d02b8,0964a2,UNCONDITIONAL_CALL
egs52_update_near_d588_0d01aa,0d02c4,0e3672,UNCONDITIONAL_CALL
egs52_update_near_d588_0d01aa,0d02c8,0e40a0,UNCONDITIONAL_CALL
egs52_update_near_d588_0d01aa,0d02cc,0e2fdc,UNCONDITIONAL_CALL
egs52_update_near_d588_0d01aa,0d02d0,0e31ae,UNCONDITIONAL_CALL
egs52_update_near_d588_0d01aa,0d02d4,0e6a92,UNCONDITIONAL_CALL
egs52_update_near_d588_0d01aa,0d02d8,0e7216,UNCONDITIONAL_CALL
egs52_update_near_d468_0d032c,0d0372,0e3672,UNCONDITIONAL_CALL
egs52_update_near_d468_0d032c,0d04be,0e40a0,UNCONDITIONAL_CALL
egs52_update_near_d468_0d032c,0d0592,0e4e30,UNCONDITIONAL_CALL
egs52_update_near_d468_0d032c,0d0596,0e5ae0,UNCONDITIONAL_CALL
egs52_update_near_d468_0d032c,0d0676,0e0742,UNCONDITIONAL_CALL
egs52_update_near_d536_0d06bc,0d06c2,0d41e8,UNCONDITIONAL_CALL
egs52_update_near_d536_0d06bc,0d06ce,0d41e8,UNCONDITIONAL_CALL
egs52_update_near_d536_0d06bc,0d06f0,0d74a6,UNCONDITIONAL_CALL
egs52_update_near_d56a_0d072a,0d073e,0d06bc,UNCONDITIONAL_CALL
egs52_update_near_d56a_0d072a,0d0758,0d0bc2,COMPUTED_JUMP
egs52_update_near_d56a_0d072a,0d0758,0d0bb2,COMPUTED_JUMP
egs52_update_near_d56a_0d072a,0d0758,0d0c20,COMPUTED_JUMP
egs52_update_near_d56a_0d072a,0d0758,0d075a,COMPUTED_JUMP
egs52_update_near_d56a_0d072a,0d0758,0d0b1e,COMPUTED_JUMP
egs52_update_near_d56a_0d072a,0d0758,0d094c,COMPUTED_JUMP
egs52_update_near_d56a_0d072a,0d0758,0d0a3c,COMPUTED_JUMP
egs52_update_near_d56a_0d072a,0d0762,0d6c64,UNCONDITIONAL_CALL
egs52_update_near_d56a_0d072a,0d0766,0d6e1a,UNCONDITIONAL_CALL
egs52_update_near_d56a_0d072a,0d076a,0d6c32,UNCONDITIONAL_CALL
egs52_update_near_d56a_0d072a,0d076e,0d4f4c,UNCONDITIONAL_CALL
egs52_update_near_d56a_0d072a,0d077c,0df27e,UNCONDITIONAL_CALL
egs52_update_near_d56a_0d072a,0d0790,0df27e,UNCONDITIONAL_CALL
egs52_update_near_d56a_0d072a,0d07a4,0df27e,UNCONDITIONAL_CALL
egs52_update_near_d56a_0d072a,0d0816,0df3a4,UNCONDITIONAL_CALL
egs52_update_near_d56a_0d072a,0d0850,0df3a4,UNCONDITIONAL_CALL
egs52_update_near_d56a_0d072a,0d0888,0df980,UNCONDITIONAL_CALL
egs52_update_near_d56a_0d072a,0d093e,0df3f8,UNCONDITIONAL_CALL
egs52_update_near_d56a_0d072a,0d0984,0d7504,UNCONDITIONAL_CALL
egs52_update_near_d56a_0d072a,0d09b6,0d0a32,COMPUTED_JUMP
egs52_update_near_d56a_0d072a,0d09b6,0d0a12,COMPUTED_JUMP
egs52_update_near_d56a_0d072a,0d09b6,0d0a22,COMPUTED_JUMP
egs52_update_near_d56a_0d072a,0d09b6,0d09c4,COMPUTED_JUMP
egs52_update_near_d56a_0d072a,0d09b6,0d09d4,COMPUTED_JUMP
egs52_update_near_d56a_0d072a,0d09b6,0d09f4,COMPUTED_JUMP
egs52_update_near_d56a_0d072a,0d09b6,0d0a0a,COMPUTED_JUMP
egs52_update_near_d56a_0d072a,0d09b6,0d0a2a,COMPUTED_JUMP
egs52_update_near_d56a_0d072a,0d09b6,0d09b8,COMPUTED_JUMP
egs52_update_near_d56a_0d072a,0d09b6,0d09e8,COMPUTED_JUMP
egs52_update_near_d56a_0d072a,0d09b6,0d09fc,COMPUTED_JUMP
egs52_update_near_d56a_0d072a,0d09b8,0d44ce,UNCONDITIONAL_CALL
egs52_update_near_d56a_0d072a,0d09bc,0d151e,UNCONDITIONAL_CALL
egs52_update_near_d56a_0d072a,0d09c4,0d9802,UNCONDITIONAL_CALL
egs52_update_near_d56a_0d072a,0d09c8,0d1ca8,UNCONDITIONAL_CALL
egs52_update_near_d56a_0d072a,0d09cc,0d1658,UNCONDITIONAL_CALL
egs52_update_near_d56a_0d072a,0d09d4,0d9430,UNCONDITIONAL_CALL
egs52_update_near_d56a_0d072a,0d09d8,0d1ca8,UNCONDITIONAL_CALL
egs52_update_near_d56a_0d072a,0d09dc,0d1e5c,UNCONDITIONAL_CALL
egs52_update_near_d56a_0d072a,0d09e0,0d175c,UNCONDITIONAL_CALL
egs52_update_near_d56a_0d072a,0d09e8,0da226,UNCONDITIONAL_CALL
egs52_update_near_d56a_0d072a,0d09ec,0d1e5c,UNCONDITIONAL_CALL
egs52_update_near_d56a_0d072a,0d09f4,0d9dcc,UNCONDITIONAL_CALL
egs52_update_near_d56a_0d072a,0d09fc,0d8b4a,UNCONDITIONAL_CALL
egs52_update_near_d56a_0d072a,0d0a0a,0d8b4a,UNCONDITIONAL_CALL
egs52_update_near_d56a_0d072a,0d0a12,0d6866,UNCONDITIONAL_CALL
egs52_update_near_d56a_0d072a,0d0a16,0d1ca8,UNCONDITIONAL_CALL
egs52_update_near_d56a_0d072a,0d0a1a,0d1e5c,UNCONDITIONAL_CALL
egs52_update_near_d56a_0d072a,0d0a22,0d6ac2,UNCONDITIONAL_CALL
egs52_update_near_d56a_0d072a,0d0a2a,0d6b8c,UNCONDITIONAL_CALL
egs52_update_near_d56a_0d072a,0d0a34,0d9be4,UNCONDITIONAL_CALL
egs52_update_near_d56a_0d072a,0d0a52,0d7504,UNCONDITIONAL_CALL
egs52_update_near_d56a_0d072a,0d0a80,0d0a92,COMPUTED_JUMP
egs52_update_near_d56a_0d072a,0d0a80,0d0b10,COMPUTED_JUMP
egs52_update_near_d56a_0d072a,0d0a80,0d0ad0,COMPUTED_JUMP
egs52_update_near_d56a_0d072a,0d0a80,0d0ab6,COMPUTED_JUMP
egs52_update_near_d56a_0d072a,0d0a80,0d0c38,COMPUTED_JUMP
egs52_update_near_d56a_0d072a,0d0a80,0d0af8,COMPUTED_JUMP
egs52_update_near_d56a_0d072a,0d0a80,0d0a9e,COMPUTED_JUMP
egs52_update_near_d56a_0d072a,0d0a80,0d0adc,COMPUTED_JUMP
egs52_update_near_d56a_0d072a,0d0a80,0d0a82,COMPUTED_JUMP
egs52_update_near_d56a_0d072a,0d0a80,0d0ac2,COMPUTED_JUMP
egs52_update_near_d56a_0d072a,0d0a80,0d0b04,COMPUTED_JUMP
egs52_update_near_d56a_0d072a,0d0a80,0d0aaa,COMPUTED_JUMP
egs52_update_near_d56a_0d072a,0d0a80,0d0aec,COMPUTED_JUMP
egs52_update_near_d56a_0d072a,0d0a82,0d492a,UNCONDITIONAL_CALL
egs52_update_near_d56a_0d072a,0d0a86,0d4bf8,UNCONDITIONAL_CALL
egs52_update_near_d56a_0d072a,0d0a8a,0d1d92,UNCONDITIONAL_CALL
egs52_update_near_d56a_0d072a,0d0a92,0d9ac6,UNCONDITIONAL_CALL
egs52_update_near_d56a_0d072a,0d0a96,0d1eac,UNCONDITIONAL_CALL
egs52_update_near_d56a_0d072a,0d0a9e,0da300,UNCONDITIONAL_CALL
egs52_update_near_d56a_0d072a,0d0aa2,0d1eac,UNCONDITIONAL_CALL
egs52_update_near_d56a_0d072a,0d0aaa,0d9dcc,UNCONDITIONAL_CALL
egs52_update_near_d56a_0d072a,0d0aae,0d1eac,UNCONDITIONAL_CALL
egs52_update_near_d56a_0d072a,0d0ab6,0d9f0c,UNCONDITIONAL_CALL
egs52_update_near_d56a_0d072a,0d0aba,0d1eac,UNCONDITIONAL_CALL
egs52_update_near_d56a_0d072a,0d0ac2,0d8b4a,UNCONDITIONAL_CALL
egs52_update_near_d56a_0d072a,0d0ad0,0d8b4a,UNCONDITIONAL_CALL
egs52_update_near_d56a_0d072a,0d0ad4,0d1eac,UNCONDITIONAL_CALL
egs52_update_near_d56a_0d072a,0d0adc,0d63b0,UNCONDITIONAL_CALL
egs52_update_near_d56a_0d072a,0d0ae0,0d1d92,UNCONDITIONAL_CALL
egs52_update_near_d56a_0d072a,0d0ae4,0d1f5e,UNCONDITIONAL_CALL
egs52_update_near_d56a_0d072a,0d0aec,0d66ee,UNCONDITIONAL_CALL
egs52_update_near_d56a_0d072a,0d0af0,0d1f5e,UNCONDITIONAL_CALL
egs52_update_near_d56a_0d072a,0d0af8,0d6ac2,UNCONDITIONAL_CALL
egs52_update_near_d56a_0d072a,0d0afc,0d1f5e,UNCONDITIONAL_CALL
egs52_update_near_d56a_0d072a,0d0b04,0d6b8c,UNCONDITIONAL_CALL
egs52_update_near_d56a_0d072a,0d0b08,0d1f5e,UNCONDITIONAL_CALL
egs52_update_near_d56a_0d072a,0d0b12,0d9be4,UNCONDITIONAL_CALL
egs52_update_near_d56a_0d072a,0d0b16,0d1d92,UNCONDITIONAL_CALL
egs52_update_near_d56a_0d072a,0d0b88,0d0b92,COMPUTED_JUMP
egs52_update_near_d56a_0d072a,0d0b88,0d0ba2,COMPUTED_JUMP
egs52_update_near_d56a_0d072a,0d0b88,0d0baa,COMPUTED_JUMP
egs52_update_near_d56a_0d072a,0d0b88,0d0b8a,COMPUTED_JUMP
egs52_update_near_d56a_0d072a,0d0b88,0d0b9a,COMPUTED_JUMP
egs52_update_near_d56a_0d072a,0d0b88,0d0c38,COMPUTED_JUMP
egs52_update_near_d56a_0d072a,0d0b8a,0d52c0,UNCONDITIONAL_CALL
egs52_update_near_d56a_0d072a,0d0b92,0d5382,UNCONDITIONAL_CALL
egs52_update_near_d56a_0d072a,0d0b9a,0d54ea,UNCONDITIONAL_CALL
egs52_update_near_d56a_0d072a,0d0ba2,0d54fc,UNCONDITIONAL_CALL
egs52_update_near_d56a_0d072a,0d0baa,0d5150,UNCONDITIONAL_CALL
egs52_update_near_d56a_0d072a,0d0bba,0d5b66,UNCONDITIONAL_CALL
egs52_update_near_d56a_0d072a,0d0c00,0d0c02,COMPUTED_JUMP
egs52_update_near_d56a_0d072a,0d0c00,0d0c14,COMPUTED_JUMP
egs52_update_near_d56a_0d072a,0d0c00,0d0c1a,COMPUTED_JUMP
egs52_update_near_d56a_0d072a,0d0c00,0d0c08,COMPUTED_JUMP
egs52_update_near_d56a_0d072a,0d0c00,0d0c0e,COMPUTED_JUMP
egs52_update_near_d56a_0d072a,0d0c02,0d385e,UNCONDITIONAL_CALL
egs52_update_near_d56a_0d072a,0d0c08,0d405a,UNCONDITIONAL_CALL
egs52_update_near_d56a_0d072a,0d0c0e,0d40b6,UNCONDITIONAL_CALL
egs52_update_near_d56a_0d072a,0d0c14,0d40fe,UNCONDITIONAL_CALL
egs52_update_near_d56a_0d072a,0d0c1a,0d370e,UNCONDITIONAL_CALL
egs52_update_near_d56a_0d072a,0d0c20,0d2856,UNCONDITIONAL_CALL
egs52_update_near_d56a_0d072a,0d0c4c,0da370,UNCONDITIONAL_CALL
egs52_update_near_d56a_0d072a,0d0c58,0da370,UNCONDITIONAL_CALL
egs52_update_near_d4cc_0d0c8e,0d0ccc,0df1f8,UNCONDITIONAL_CALL
egs52_update_near_d4cc_0d0c8e,0d0cfc,0df1f8,UNCONDITIONAL_CALL
egs52_update_near_d4cc_0d0c8e,0d1116,0df3a4,UNCONDITIONAL_CALL
egs52_update_near_d4cc_0d0c8e,0d11f4,0df3a4,UNCONDITIONAL_CALL
egs52_update_near_d431_0d1498,0d14a6,0d42a6,UNCONDITIONAL_CALL
egs52_update_near_d431_0d1498,0d14ac,0df2b0,UNCONDITIONAL_CALL
egs52_update_near_d431_0d1498,0d14b6,0d4338,UNCONDITIONAL_CALL
egs52_update_near_d431_0d1498,0d14bc,0df2b0,UNCONDITIONAL_CALL
egs52_update_near_d431_0d1498,0d14c2,0d718c,UNCONDITIONAL_CALL
egs52_update_near_d412_0d151e,0d154c,0d1464,UNCONDITIONAL_CALL
egs52_update_near_d412_0d151e,0d1618,0d718c,UNCONDITIONAL_CALL
egs52_update_near_d412_0d151e,0d1628,0d718c,UNCONDITIONAL_CALL
egs52_update_near_d412_0d151e,0d164c,0d1498,UNCONDITIONAL_CALL
egs52_update_near_d59b_0d1658,0d1672,0d1464,UNCONDITIONAL_CALL
egs52_update_near_d59b_0d1658,0d174c,0d1498,UNCONDITIONAL_CALL
egs52_update_near_d59b_0d175c,0d180c,0d1498,UNCONDITIONAL_CALL
egs52_compute_from_near_f638_0d1c5e,0d1c88,0d6eb0,UNCONDITIONAL_CALL
egs52_update_near_d436_0d1d92,0d1e1a,0d6f4e,UNCONDITIONAL_CALL
egs52_update_near_fd4e_0d1e5c,0d1e6e,0d1c5e,UNCONDITIONAL_CALL
egs52_update_near_fd4e_0d1e5c,0d1e8e,0d6eb0,UNCONDITIONAL_CALL
egs52_update_near_fd4e_0d1eac,0d1f30,0d7c4e,UNCONDITIONAL_CALL
egs52_update_near_fd4e_0d1f5e,0d1fda,0d7c4e,UNCONDITIONAL_CALL
egs52_update_near_d436_0d202e,0d2034,0d2008,UNCONDITIONAL_CALL
egs52_update_near_d436_0d202e,0d204c,0d2080,COMPUTED_JUMP
egs52_update_near_d436_0d202e,0d204c,0d22ca,COMPUTED_JUMP
egs52_update_near_d436_0d202e,0d204c,0d204e,COMPUTED_JUMP
egs52_update_near_d436_0d202e,0d2064,0df27e,UNCONDITIONAL_CALL
egs52_update_near_d436_0d202e,0d20fe,0df980,UNCONDITIONAL_CALL
egs52_update_near_d436_0d202e,0d2258,0df27e,UNCONDITIONAL_CALL
egs52_update_near_d436_0d202e,0d22e0,0d22e2,COMPUTED_JUMP
egs52_update_near_d436_0d202e,0d22e0,0d22fa,COMPUTED_JUMP
egs52_update_near_d436_0d202e,0d22e0,0d23e8,COMPUTED_JUMP
egs52_update_near_d436_0d202e,0d22e0,0d23f8,COMPUTED_JUMP
egs52_update_near_d436_0d202e,0d22e0,0d24f8,COMPUTED_JUMP
egs52_update_near_d436_0d202e,0d22e0,0d239c,COMPUTED_JUMP
egs52_update_near_d436_0d202e,0d237c,0d73e6,UNCONDITIONAL_CALL
egs52_update_near_d436_0d202e,0d23ae,0d6f4e,UNCONDITIONAL_CALL
egs52_update_near_d436_0d202e,0d23ca,0df27e,UNCONDITIONAL_CALL
egs52_update_near_d436_0d202e,0d24d6,0df27e,UNCONDITIONAL_CALL
egs52_update_near_d436_0d202e,0d25d6,0df27e,UNCONDITIONAL_CALL
egs52_update_near_d436_0d202e,0d2640,0a1b8c,UNCONDITIONAL_CALL
egs52_update_near_d436_0d202e,0d264e,0a1b8c,UNCONDITIONAL_CALL
egs52_update_near_d436_0d202e,0d265c,0a1b8c,UNCONDITIONAL_CALL
egs52_update_near_d436_0d202e,0d266a,09fbc0,UNCONDITIONAL_CALL
egs52_update_near_d436_0d202e,0d267c,09fbc0,UNCONDITIONAL_CALL
egs52_update_near_d5a4_0d269c,0d269e,0d2008,UNCONDITIONAL_CALL
egs52_update_near_d5a4_0d269c,0d2720,0df27e,UNCONDITIONAL_CALL
egs52_update_near_d5a4_0d269c,0d27e2,0df27e,UNCONDITIONAL_CALL
egs52_update_near_d5b0_0d2856,0d2862,0d5094,UNCONDITIONAL_CALL
egs52_update_near_d5b0_0d2856,0d2870,0d4f4c,UNCONDITIONAL_CALL
egs52_update_near_d5b0_0d2856,0d2890,0d6c64,UNCONDITIONAL_CALL
egs52_transform_memory_0d2958,0d2998,0d290c,UNCONDITIONAL_CALL
egs52_transform_memory_0d2958,0d29d4,0d290c,UNCONDITIONAL_CALL
egs52_transform_memory_0d2958,0d29f6,0d290c,UNCONDITIONAL_CALL
egs52_transform_memory_0d2958,0d2a30,0d290c,UNCONDITIONAL_CALL
egs52_transform_memory_0d2958,0d2a70,0d290c,UNCONDITIONAL_CALL
egs52_transform_memory_0d2958,0d2a90,0d290c,UNCONDITIONAL_CALL
egs52_transform_memory_0d2958,0d2acc,0d290c,UNCONDITIONAL_CALL
egs52_transform_memory_0d2958,0d2aee,0d290c,UNCONDITIONAL_CALL
egs52_update_near_d4fe_0d2b08,0d2ec2,0d2938,UNCONDITIONAL_CALL
egs52_update_near_d4fe_0d2b08,0d2f12,0d289a,UNCONDITIONAL_CALL
egs52_update_near_d4fe_0d2b08,0d2f1c,0d2958,UNCONDITIONAL_CALL
egs52_update_near_d4fe_0d2b08,0d2f3c,0d2938,UNCONDITIONAL_CALL
egs52_update_near_d4fe_0d2b08,0d2f7e,0d289a,UNCONDITIONAL_CALL
egs52_update_near_d4fe_0d2b08,0d2f88,0d2958,UNCONDITIONAL_CALL
egs52_update_near_d4fe_0d2b08,0d2fbc,0d289a,UNCONDITIONAL_CALL
egs52_update_near_d4fe_0d2b08,0d2fcc,0d290c,UNCONDITIONAL_CALL
egs52_update_near_d4fe_0d2b08,0d2fe4,0d290c,UNCONDITIONAL_CALL
egs52_update_near_d4fe_0d2b08,0d3014,0d2938,UNCONDITIONAL_CALL
egs52_update_near_d4fe_0d2b08,0d304e,0d289a,UNCONDITIONAL_CALL
egs52_update_near_d4fe_0d2b08,0d3068,0d290c,UNCONDITIONAL_CALL
egs52_update_near_d4fe_0d2b08,0d3082,0d290c,UNCONDITIONAL_CALL
egs52_update_near_d4fe_0d2b08,0d309c,0d290c,UNCONDITIONAL_CALL
egs52_update_near_d4fe_0d2b08,0d30b4,0d290c,UNCONDITIONAL_CALL
egs52_update_near_d4fe_0d2b08,0d30d6,0d289a,UNCONDITIONAL_CALL
egs52_update_near_d4fe_0d2b08,0d30e0,0d2958,UNCONDITIONAL_CALL
egs52_update_near_d4f6_0d3124,0d315e,0d2938,UNCONDITIONAL_CALL
egs52_update_near_d4f6_0d3124,0d31ac,0d30f2,UNCONDITIONAL_CALL
egs52_update_near_d4f6_0d3124,0d31cc,0d30f2,UNCONDITIONAL_CALL
egs52_update_near_d4f6_0d3124,0d31f0,0d30f2,UNCONDITIONAL_CALL
egs52_update_near_d4f6_0d3124,0d3206,0d2938,UNCONDITIONAL_CALL
egs52_update_near_d4f6_0d3124,0d3246,0d30f2,UNCONDITIONAL_CALL
egs52_update_near_d4f6_0d3124,0d3266,0d30f2,UNCONDITIONAL_CALL
egs52_update_near_d4f6_0d3124,0d3286,0d30f2,UNCONDITIONAL_CALL
egs52_update_near_d4f6_0d3124,0d329c,0d2938,UNCONDITIONAL_CALL
egs52_update_near_d4f6_0d3124,0d32dc,0d30f2,UNCONDITIONAL_CALL
egs52_update_near_d4f6_0d3124,0d32f2,0d2938,UNCONDITIONAL_CALL
egs52_update_near_d4f6_0d3124,0d3338,0d30f2,UNCONDITIONAL_CALL
egs52_update_near_d4f6_0d3124,0d335e,0d30f2,UNCONDITIONAL_CALL
egs52_update_near_d4f6_0d3124,0d3386,0d30f2,UNCONDITIONAL_CALL
egs52_update_near_d4f6_0d3124,0d33a6,0d30f2,UNCONDITIONAL_CALL
egs52_update_near_d4f6_0d3124,0d33c2,0d30f2,UNCONDITIONAL_CALL
egs52_update_near_d5f6_0d33ec,0d3420,0df3a4,UNCONDITIONAL_CALL
egs52_update_near_d422_0d3464,0d346c,0d282c,UNCONDITIONAL_CALL
egs52_update_near_d422_0d3464,0d3494,0d282c,UNCONDITIONAL_CALL
egs52_update_near_d556_0d34e2,0d34fc,0d282c,UNCONDITIONAL_CALL
egs52_update_near_d556_0d34e2,0d35ae,0df27e,UNCONDITIONAL_CALL
egs52_update_near_d556_0d34e2,0d35c0,0d7cb8,UNCONDITIONAL_CALL
egs52_update_near_d556_0d34e2,0d35d2,0df27e,UNCONDITIONAL_CALL
egs52_update_near_d556_0d34e2,0d35e6,0df27e,UNCONDITIONAL_CALL
egs52_update_near_d556_0d34e2,0d3610,0d50d2,UNCONDITIONAL_CALL
egs52_update_near_d566_0d3638,0d3686,0d282c,UNCONDITIONAL_CALL
egs52_update_near_d566_0d3638,0d36fa,0d50d2,UNCONDITIONAL_CALL
egs52_update_near_d566_0d370e,0d37ea,0d41e8,UNCONDITIONAL_CALL
egs52_update_near_d4d8_0d385e,0d386a,0d3464,UNCONDITIONAL_CALL
egs52_update_near_d4d8_0d385e,0d3872,0d282c,UNCONDITIONAL_CALL
egs52_update_near_d4d8_0d385e,0d3946,0d3c56,COMPUTED_JUMP
egs52_update_near_d4d8_0d385e,0d3946,0d3a8a,COMPUTED_JUMP
egs52_update_near_d4d8_0d385e,0d3946,0d3948,COMPUTED_JUMP
egs52_update_near_d4d8_0d385e,0d3946,0d3b08,COMPUTED_JUMP
egs52_update_near_d4d8_0d385e,0d3946,0d3e38,COMPUTED_JUMP
egs52_update_near_d4d8_0d385e,0d3946,0d3f78,COMPUTED_JUMP
egs52_update_near_d4d8_0d385e,0d3946,0d39ae,COMPUTED_JUMP
egs52_update_near_d4d8_0d385e,0d3946,0d3f4e,COMPUTED_JUMP
egs52_update_near_d4d8_0d385e,0d3946,0d3f7e,COMPUTED_JUMP
egs52_update_near_d4d8_0d385e,0d3946,0d3f2c,COMPUTED_JUMP
egs52_update_near_d4d8_0d385e,0d3966,0d33ec,UNCONDITIONAL_CALL
egs52_update_near_d4d8_0d385e,0d39a2,0df3a4,UNCONDITIONAL_CALL
egs52_update_near_d4d8_0d385e,0d39d0,0d7cb8,UNCONDITIONAL_CALL
egs52_update_near_d4d8_0d385e,0d3a3c,0df3a4,UNCONDITIONAL_CALL
egs52_update_near_d4d8_0d385e,0d3a48,0d7e30,UNCONDITIONAL_CALL
egs52_update_near_d4d8_0d385e,0d3a5c,0d7cb8,UNCONDITIONAL_CALL
egs52_update_near_d4d8_0d385e,0d3b7c,0d7cb8,UNCONDITIONAL_CALL
egs52_update_near_d4d8_0d385e,0d3be8,0df3a4,UNCONDITIONAL_CALL
egs52_update_near_d4d8_0d385e,0d3bf0,0d7e30,UNCONDITIONAL_CALL
egs52_update_near_d4d8_0d385e,0d3c04,0df27e,UNCONDITIONAL_CALL
egs52_update_near_d4d8_0d385e,0d3c16,0d7cb8,UNCONDITIONAL_CALL
egs52_update_near_d4d8_0d385e,0d3c32,0d50d2,UNCONDITIONAL_CALL
egs52_update_near_d4d8_0d385e,0d3c70,0dfcd6,UNCONDITIONAL_CALL
egs52_update_near_d4d8_0d385e,0d3cf4,0d50d2,UNCONDITIONAL_CALL
egs52_update_near_d4d8_0d385e,0d3d5a,0d7cb8,UNCONDITIONAL_CALL
egs52_update_near_d4d8_0d385e,0d3dc4,0df3a4,UNCONDITIONAL_CALL
egs52_update_near_d4d8_0d385e,0d3dcc,0d7e30,UNCONDITIONAL_CALL
egs52_update_near_d4d8_0d385e,0d3de0,0d7cb8,UNCONDITIONAL_CALL
egs52_update_near_d4d8_0d385e,0d3e16,0d50d2,UNCONDITIONAL_CALL
egs52_update_near_d4d8_0d385e,0d3e50,0df27e,UNCONDITIONAL_CALL
egs52_update_near_d4d8_0d385e,0d3e68,0df222,UNCONDITIONAL_CALL
egs52_update_near_d4d8_0d385e,0d3e72,0def12,UNCONDITIONAL_CALL
egs52_update_near_d4d8_0d385e,0d3e98,0d3426,UNCONDITIONAL_CALL
egs52_update_near_d4d8_0d385e,0d3eca,0df27e,UNCONDITIONAL_CALL
egs52_update_near_d4d8_0d385e,0d3edc,0d7cb8,UNCONDITIONAL_CALL
egs52_update_near_d4d8_0d385e,0d3f0a,0d50d2,UNCONDITIONAL_CALL
egs52_update_near_d4d8_0d385e,0d3f3a,0d34e2,UNCONDITIONAL_CALL
egs52_update_near_d4d8_0d385e,0d3f68,0d34e2,UNCONDITIONAL_CALL
egs52_update_near_d4d8_0d385e,0d3f78,0d3638,UNCONDITIONAL_CALL
egs52_update_near_d4d8_0d385e,0d3fb6,0df980,UNCONDITIONAL_CALL
egs52_update_near_d56a_0d405a,0d407a,0d7cb8,UNCONDITIONAL_CALL
egs52_update_near_d56a_0d405a,0d4082,0d6c32,UNCONDITIONAL_CALL
egs52_update_near_d56a_0d405a,0d4086,0d6c52,UNCONDITIONAL_CALL
egs52_update_near_d56a_0d405a,0d408a,0d6c64,UNCONDITIONAL_CALL
egs52_update_near_d5b0_0d40b6,0d40c8,0d5094,UNCONDITIONAL_CALL
egs52_update_near_d5b0_0d40fe,0d4178,0d3638,UNCONDITIONAL_CALL
egs52_update_near_d426_0d4338,0d43be,0df506,UNCONDITIONAL_CALL
egs52_update_near_d5b0_0d44ce,0d44d6,0d4338,UNCONDITIONAL_CALL
egs52_update_near_d5b0_0d44ce,0d44e0,0d42a6,UNCONDITIONAL_CALL
egs52_update_near_d5b0_0d44ce,0d44fa,0d45b2,COMPUTED_JUMP
egs52_update_near_d5b0_0d44ce,0d44fa,0d4770,COMPUTED_JUMP
egs52_update_near_d5b0_0d44ce,0d44fa,0d47ba,COMPUTED_JUMP
egs52_update_near_d5b0_0d44ce,0d44fa,0d4698,COMPUTED_JUMP
egs52_update_near_d5b0_0d44ce,0d44fa,0d44fc,COMPUTED_JUMP
egs52_update_near_d5b0_0d44ce,0d44fa,0d450c,COMPUTED_JUMP
egs52_update_near_d5b0_0d44ce,0d44fa,0d472c,COMPUTED_JUMP
egs52_update_near_d5b0_0d44ce,0d44fc,0d718c,UNCONDITIONAL_CALL
egs52_update_near_d5b0_0d44ce,0d450e,0d7e30,UNCONDITIONAL_CALL
egs52_update_near_d5b0_0d44ce,0d45b4,0d7e30,UNCONDITIONAL_CALL
egs52_update_near_d5b0_0d44ce,0d45c4,0df27e,UNCONDITIONAL_CALL
egs52_update_near_d5b0_0d44ce,0d4644,0d7e88,UNCONDITIONAL_CALL
egs52_update_near_d5b0_0d44ce,0d4654,0d7f50,UNCONDITIONAL_CALL
egs52_update_near_d5b0_0d44ce,0d4668,0d7e88,UNCONDITIONAL_CALL
egs52_update_near_d5b0_0d44ce,0d4678,0d7f50,UNCONDITIONAL_CALL
egs52_update_near_d5b0_0d44ce,0d468c,0d868c,UNCONDITIONAL_CALL
egs52_update_near_d5b0_0d44ce,0d469a,0d7e30,UNCONDITIONAL_CALL
egs52_update_near_d5b0_0d44ce,0d46d8,0d7e88,UNCONDITIONAL_CALL
egs52_update_near_d5b0_0d44ce,0d46e8,0d7f50,UNCONDITIONAL_CALL
egs52_update_near_d5b0_0d44ce,0d46fc,0d7e88,UNCONDITIONAL_CALL
egs52_update_near_d5b0_0d44ce,0d470c,0d7f50,UNCONDITIONAL_CALL
egs52_update_near_d5b0_0d44ce,0d4720,0d868c,UNCONDITIONAL_CALL
egs52_update_near_d5b0_0d44ce,0d472e,0d7e64,UNCONDITIONAL_CALL
egs52_update_near_d5b0_0d44ce,0d473e,0df27e,UNCONDITIONAL_CALL
egs52_update_near_d5b0_0d44ce,0d4764,0d868c,UNCONDITIONAL_CALL
egs52_update_near_d5b0_0d44ce,0d4778,0d7e64,UNCONDITIONAL_CALL
egs52_update_near_d5b0_0d44ce,0d4788,0df27e,UNCONDITIONAL_CALL
egs52_update_near_d5b0_0d44ce,0d47ae,0d868c,UNCONDITIONAL_CALL
egs52_update_near_d5b0_0d44ce,0d47c2,0d7e64,UNCONDITIONAL_CALL
egs52_update_near_d5b0_0d44ce,0d47d2,0df27e,UNCONDITIONAL_CALL
egs52_update_near_d5b0_0d44ce,0d47ec,0d868c,UNCONDITIONAL_CALL
egs52_update_near_d5b0_0d44ce,0d4806,0d7e88,UNCONDITIONAL_CALL
egs52_update_near_d5b0_0d44ce,0d4816,0d7f50,UNCONDITIONAL_CALL
egs52_update_near_d5b0_0d44ce,0d482a,0d7e88,UNCONDITIONAL_CALL
egs52_update_near_d5b0_0d44ce,0d483a,0d7f50,UNCONDITIONAL_CALL
egs52_update_near_d5b0_0d44ce,0d484e,0d7cb8,UNCONDITIONAL_CALL
egs52_update_near_d5b0_0d44ce,0d4862,0d3124,UNCONDITIONAL_CALL
egs52_update_near_d5b0_0d44ce,0d48ca,0d3124,UNCONDITIONAL_CALL
egs52_update_near_d5b0_0d44ce,0d4914,0d3124,UNCONDITIONAL_CALL
egs52_update_near_d5b0_0d492a,0d4932,0d4338,UNCONDITIONAL_CALL
egs52_update_near_d5b0_0d492a,0d493c,0d42a6,UNCONDITIONAL_CALL
egs52_update_near_d5b0_0d492a,0d4956,0d4980,COMPUTED_JUMP
egs52_update_near_d5b0_0d492a,0d4956,0d499a,COMPUTED_JUMP
egs52_update_near_d5b0_0d492a,0d4956,0d49da,COMPUTED_JUMP
egs52_update_near_d5b0_0d492a,0d4956,0d4ada,COMPUTED_JUMP
egs52_update_near_d5b0_0d492a,0d4956,0d4958,COMPUTED_JUMP
egs52_update_near_d5b0_0d492a,0d4956,0d49f8,COMPUTED_JUMP
egs52_update_near_d5b0_0d492a,0d4956,0d4a4e,COMPUTED_JUMP
egs52_update_near_d5b0_0d492a,0d4958,0d718c,UNCONDITIONAL_CALL
egs52_update_near_d5b0_0d492a,0d4986,0d7e30,UNCONDITIONAL_CALL
egs52_update_near_d5b0_0d492a,0d49a0,0d7e30,UNCONDITIONAL_CALL
egs52_update_near_d5b0_0d492a,0d49b0,0df27e,UNCONDITIONAL_CALL
egs52_update_near_d5b0_0d492a,0d49e0,0d7e30,UNCONDITIONAL_CALL
egs52_update_near_d5b0_0d492a,0d49fa,0d7e30,UNCONDITIONAL_CALL
egs52_update_near_d5b0_0d492a,0d4a08,0d7b3e,UNCONDITIONAL_CALL
egs52_update_near_d5b0_0d492a,0d4a6e,0d7e30,UNCONDITIONAL_CALL
egs52_update_near_d5b0_0d492a,0d4a90,0d7b3e,UNCONDITIONAL_CALL
egs52_update_near_d5b0_0d492a,0d4aca,0d6f4e,UNCONDITIONAL_CALL
egs52_update_near_d5b0_0d492a,0d4adc,0d7e30,UNCONDITIONAL_CALL
egs52_update_near_d5b0_0d492a,0d4aee,0d7b3e,UNCONDITIONAL_CALL
egs52_update_near_d5b0_0d492a,0d4af2,0d8166,UNCONDITIONAL_CALL
egs52_update_near_d5b0_0d492a,0d4b50,0d7cb8,UNCONDITIONAL_CALL
egs52_update_near_d5b1_0d4bf8,0d4bfa,0d7666,UNCONDITIONAL_CALL
egs52_update_near_d5b1_0d4bf8,0d4c12,0d4c72,COMPUTED_JUMP
egs52_update_near_d5b1_0d4bf8,0d4c12,0d4e20,COMPUTED_JUMP
egs52_update_near_d5b1_0d4bf8,0d4c12,0d4c14,COMPUTED_JUMP
egs52_update_near_d5b1_0d4bf8,0d4c12,0d4e94,COMPUTED_JUMP
egs52_update_near_d5b1_0d4bf8,0d4c12,0d4cda,COMPUTED_JUMP
egs52_update_near_d5b1_0d4bf8,0d4c12,0d4da8,COMPUTED_JUMP
egs52_update_near_d5b1_0d4bf8,0d4c12,0d4c3c,COMPUTED_JUMP
egs52_update_near_d5b1_0d4bf8,0d4c18,0d728e,UNCONDITIONAL_CALL
egs52_update_near_d5b1_0d4bf8,0d4c24,0dfcd6,UNCONDITIONAL_CALL
egs52_update_near_d5b1_0d4bf8,0d4c5e,0d7ffa,UNCONDITIONAL_CALL
egs52_update_near_d5b1_0d4bf8,0d4c72,0d3124,UNCONDITIONAL_CALL
egs52_update_near_d5b1_0d4bf8,0d4c7e,0d8092,UNCONDITIONAL_CALL
egs52_update_near_d5b1_0d4bf8,0d4c8e,0df27e,UNCONDITIONAL_CALL
egs52_update_near_d5b1_0d4bf8,0d4cae,0d6f4e,UNCONDITIONAL_CALL
egs52_update_near_d5b1_0d4bf8,0d4cfa,0d8166,UNCONDITIONAL_CALL
egs52_update_near_d5b1_0d4bf8,0d4d4a,0d3124,UNCONDITIONAL_CALL
egs52_update_near_d5b1_0d4bf8,0d4d9c,0d8104,UNCONDITIONAL_CALL
egs52_update_near_d5b1_0d4bf8,0d4da8,0d3124,UNCONDITIONAL_CALL
egs52_update_near_d5b1_0d4bf8,0d4dc8,0df222,UNCONDITIONAL_CALL
egs52_update_near_d5b1_0d4bf8,0d4dd2,0def12,UNCONDITIONAL_CALL
egs52_update_near_d5b1_0d4bf8,0d4dde,0d817a,UNCONDITIONAL_CALL
egs52_update_near_d5b1_0d4bf8,0d4df8,0d6f4e,UNCONDITIONAL_CALL
egs52_update_near_d5b1_0d4bf8,0d4e22,0d3124,UNCONDITIONAL_CALL
egs52_update_near_d5b1_0d4bf8,0d4e26,0d4b5e,UNCONDITIONAL_CALL
egs52_update_near_d5b1_0d4bf8,0d4e34,0df27e,UNCONDITIONAL_CALL
egs52_update_near_d5b1_0d4bf8,0d4e4c,0df222,UNCONDITIONAL_CALL
egs52_update_near_d5b1_0d4bf8,0d4e56,0def12,UNCONDITIONAL_CALL
egs52_update_near_d5b1_0d4bf8,0d4e62,0d81fe,UNCONDITIONAL_CALL
egs52_update_near_d5b1_0d4bf8,0d4e72,0df27e,UNCONDITIONAL_CALL
egs52_update_near_d5b1_0d4bf8,0d4e94,0d3124,UNCONDITIONAL_CALL
egs52_update_near_d5b1_0d4bf8,0d4e98,0d4b5e,UNCONDITIONAL_CALL
egs52_update_near_d5b1_0d4bf8,0d4eb0,0df222,UNCONDITIONAL_CALL
egs52_update_near_d5b1_0d4bf8,0d4eba,0def12,UNCONDITIONAL_CALL
egs52_update_near_d5b1_0d4bf8,0d4ec6,0d81fe,UNCONDITIONAL_CALL
egs52_update_near_d5b1_0d4bf8,0d4ed6,0df27e,UNCONDITIONAL_CALL
egs52_update_near_d5b1_0d4bf8,0d4eee,0d73e6,UNCONDITIONAL_CALL
egs52_update_near_d5b8_0d4f4c,0d5086,0df1f8,UNCONDITIONAL_CALL
egs52_update_near_d5f6_0d5094,0d50cc,0df3a4,UNCONDITIONAL_CALL
egs52_update_near_d5f6_0d50d2,0d5132,0df3a4,UNCONDITIONAL_CALL
egs52_update_near_d5b0_0d52c0,0d52f8,0df27e,UNCONDITIONAL_CALL
egs52_update_near_d5b0_0d52c0,0d530c,0df27e,UNCONDITIONAL_CALL
egs52_update_near_d5b0_0d52c0,0d531e,0d7cb8,UNCONDITIONAL_CALL
egs52_update_near_d5b0_0d52c0,0d536a,0d7cb8,UNCONDITIONAL_CALL
egs52_update_near_d5b0_0d52c0,0d5374,0d6c64,UNCONDITIONAL_CALL
egs52_update_near_d5b0_0d52c0,0d537a,0d6c64,UNCONDITIONAL_CALL
egs52_update_near_d477_0d5382,0d53b0,0d41e8,UNCONDITIONAL_CALL
egs52_update_near_d477_0d5382,0d53ec,0d718c,UNCONDITIONAL_CALL
egs52_update_near_d477_0d5382,0d5446,0d7e30,UNCONDITIONAL_CALL
egs52_update_near_d477_0d5382,0d5458,0d7cb8,UNCONDITIONAL_CALL
egs52_update_near_d477_0d5382,0d548a,0df27e,UNCONDITIONAL_CALL
egs52_update_near_d477_0d5382,0d549c,0d7cb8,UNCONDITIONAL_CALL
egs52_update_near_d477_0d5382,0d54ca,0d50d2,UNCONDITIONAL_CALL
egs52_update_near_d5b0_0d54fc,0d55fc,0d5b12,COMPUTED_JUMP
egs52_update_near_d5b0_0d54fc,0d55fc,0d5636,COMPUTED_JUMP
egs52_update_near_d5b0_0d54fc,0d55fc,0d5896,COMPUTED_JUMP
egs52_update_near_d5b0_0d54fc,0d55fc,0d59b6,COMPUTED_JUMP
egs52_update_near_d5b0_0d54fc,0d55fc,0d5994,COMPUTED_JUMP
egs52_update_near_d5b0_0d54fc,0d55fc,0d5918,COMPUTED_JUMP
egs52_update_near_d5b0_0d54fc,0d55fc,0d55fe,COMPUTED_JUMP
egs52_update_near_d5b0_0d54fc,0d55fc,0d583e,COMPUTED_JUMP
egs52_update_near_d5b0_0d54fc,0d55fc,0d5a0e,COMPUTED_JUMP
egs52_update_near_d5b0_0d54fc,0d55fc,0d569c,COMPUTED_JUMP
egs52_update_near_d5b0_0d54fc,0d560e,0d50d2,UNCONDITIONAL_CALL
egs52_update_near_d5b0_0d54fc,0d5654,0d7cb8,UNCONDITIONAL_CALL
egs52_update_near_d5b0_0d54fc,0d567c,0d50d2,UNCONDITIONAL_CALL
egs52_update_near_d5b0_0d54fc,0d56ec,0d5094,UNCONDITIONAL_CALL
egs52_update_near_d5b0_0d54fc,0d57bc,0d5094,UNCONDITIONAL_CALL
egs52_update_near_d5b0_0d54fc,0d581a,0d5094,UNCONDITIONAL_CALL
egs52_update_near_d5b0_0d54fc,0d5832,0d5094,UNCONDITIONAL_CALL
egs52_update_near_d5b0_0d54fc,0d584e,0df27e,UNCONDITIONAL_CALL
egs52_update_near_d5b0_0d54fc,0d5862,0df27e,UNCONDITIONAL_CALL
egs52_update_near_d5b0_0d54fc,0d5874,0d7cb8,UNCONDITIONAL_CALL
egs52_update_near_d5b0_0d54fc,0d58a6,0df27e,UNCONDITIONAL_CALL
egs52_update_near_d5b0_0d54fc,0d58ba,0df27e,UNCONDITIONAL_CALL
egs52_update_near_d5b0_0d54fc,0d58cc,0d7cb8,UNCONDITIONAL_CALL
egs52_update_near_d5b0_0d54fc,0d58ec,0d50d2,UNCONDITIONAL_CALL
egs52_update_near_d5b0_0d54fc,0d5904,0d50d2,UNCONDITIONAL_CALL
egs52_update_near_d5b0_0d54fc,0d5976,0d5094,UNCONDITIONAL_CALL
egs52_update_near_d5b0_0d54fc,0d59c6,0df27e,UNCONDITIONAL_CALL
egs52_update_near_d5b0_0d54fc,0d59da,0df27e,UNCONDITIONAL_CALL
egs52_update_near_d5b0_0d54fc,0d59ec,0d7cb8,UNCONDITIONAL_CALL
egs52_update_near_d5b0_0d54fc,0d5aa6,0d513e,UNCONDITIONAL_CALL
egs52_update_near_d5b0_0d54fc,0d5ada,0d513e,UNCONDITIONAL_CALL
egs52_update_near_d5b0_0d54fc,0d5b0c,0d513e,UNCONDITIONAL_CALL
egs52_update_near_d5b0_0d54fc,0d5b40,0d513e,UNCONDITIONAL_CALL
egs52_update_near_d5b0_0d54fc,0d5b50,0d50d2,UNCONDITIONAL_CALL
egs52_update_near_d408_0d5b66,0d5b82,0df250,UNCONDITIONAL_CALL
egs52_update_near_d408_0d5b66,0d5bf0,0df894,UNCONDITIONAL_CALL
egs52_update_near_d408_0d5b66,0d5c32,0df894,UNCONDITIONAL_CALL
egs52_update_near_d408_0d5b66,0d5c56,0d5df2,COMPUTED_JUMP
egs52_update_near_d408_0d5b66,0d5c56,0d5cf0,COMPUTED_JUMP
egs52_update_near_d408_0d5b66,0d5c56,0d5c58,COMPUTED_JUMP
egs52_update_near_d408_0d5b66,0d5c56,0d5e18,COMPUTED_JUMP
egs52_update_near_d408_0d5b66,0d5c56,0d5ea8,COMPUTED_JUMP
egs52_update_near_d408_0d5b66,0d5ca0,0df44c,UNCONDITIONAL_CALL
egs52_update_near_d408_0d5b66,0d5d50,0dfc18,UNCONDITIONAL_CALL
egs52_update_near_d408_0d5b66,0d5d9c,0df27e,UNCONDITIONAL_CALL
egs52_update_near_d408_0d5b66,0d6172,0df44c,UNCONDITIONAL_CALL
egs52_update_near_d408_0d5b66,0d61b2,0df44c,UNCONDITIONAL_CALL
egs52_update_near_d408_0d5b66,0d621c,0dfc18,UNCONDITIONAL_CALL
egs52_update_near_d408_0d5b66,0d623a,0dfc18,UNCONDITIONAL_CALL
egs52_update_near_d408_0d5b66,0d639c,0d7cb8,UNCONDITIONAL_CALL
egs52_update_near_d4b2_0d63b0,0d63b2,0d7666,UNCONDITIONAL_CALL
egs52_update_near_d4b2_0d63b0,0d63b6,0d74a6,UNCONDITIONAL_CALL
egs52_update_near_d4b2_0d63b0,0d63be,0d8cf8,UNCONDITIONAL_CALL
egs52_update_near_d4b2_0d63b0,0d63d6,0d6472,COMPUTED_JUMP
egs52_update_near_d4b2_0d63b0,0d63d6,0d6640,COMPUTED_JUMP
egs52_update_near_d4b2_0d63b0,0d63d6,0d6524,COMPUTED_JUMP
egs52_update_near_d4b2_0d63b0,0d63d6,0d640a,COMPUTED_JUMP
egs52_update_near_d4b2_0d63b0,0d63d6,0d63d8,COMPUTED_JUMP
egs52_update_near_d4b2_0d63b0,0d63d6,0d65ae,COMPUTED_JUMP
egs52_update_near_d4b2_0d63b0,0d63e2,0d73e6,UNCONDITIONAL_CALL
egs52_update_near_d4b2_0d63b0,0d63fa,0dfcd6,UNCONDITIONAL_CALL
egs52_update_near_d4b2_0d63b0,0d640a,0d8d26,UNCONDITIONAL_CALL
egs52_update_near_d4b2_0d63b0,0d641a,0df27e,UNCONDITIONAL_CALL
egs52_update_near_d4b2_0d63b0,0d642c,0d7cb8,UNCONDITIONAL_CALL
egs52_update_near_d4b2_0d63b0,0d6440,0d8d94,UNCONDITIONAL_CALL
egs52_update_near_d4b2_0d63b0,0d6462,0d6f4e,UNCONDITIONAL_CALL
egs52_update_near_d4b2_0d63b0,0d64ae,0d6f4e,UNCONDITIONAL_CALL
egs52_update_near_d4b2_0d63b0,0d64f2,0d8d26,UNCONDITIONAL_CALL
egs52_update_near_d4b2_0d63b0,0d6504,0d7cb8,UNCONDITIONAL_CALL
egs52_update_near_d4b2_0d63b0,0d6518,0d8d94,UNCONDITIONAL_CALL
egs52_update_near_d4b2_0d63b0,0d6540,0df222,UNCONDITIONAL_CALL
egs52_update_near_d4b2_0d63b0,0d654a,0def12,UNCONDITIONAL_CALL
egs52_update_near_d4b2_0d63b0,0d654e,0d8d26,UNCONDITIONAL_CALL
egs52_update_near_d4b2_0d63b0,0d6560,0d7cb8,UNCONDITIONAL_CALL
egs52_update_near_d4b2_0d63b0,0d6574,0d8d94,UNCONDITIONAL_CALL
egs52_update_near_d4b2_0d63b0,0d658e,0d6f4e,UNCONDITIONAL_CALL
egs52_update_near_d4b2_0d63b0,0d65ae,0d4b5e,UNCONDITIONAL_CALL
egs52_update_near_d4b2_0d63b0,0d65bc,0df27e,UNCONDITIONAL_CALL
egs52_update_near_d4b2_0d63b0,0d65d4,0df222,UNCONDITIONAL_CALL
egs52_update_near_d4b2_0d63b0,0d65de,0def12,UNCONDITIONAL_CALL
egs52_update_near_d4b2_0d63b0,0d65ea,0d8ea2,UNCONDITIONAL_CALL
egs52_update_near_d4b2_0d63b0,0d65fa,0df27e,UNCONDITIONAL_CALL
egs52_update_near_d4b2_0d63b0,0d660c,0d7cb8,UNCONDITIONAL_CALL
egs52_update_near_d4b2_0d63b0,0d6620,0d8d94,UNCONDITIONAL_CALL
egs52_update_near_d4b2_0d63b0,0d6648,0d8ea2,UNCONDITIONAL_CALL
egs52_update_near_d4b2_0d63b0,0d665a,0d7cb8,UNCONDITIONAL_CALL
egs52_update_near_d4b2_0d63b0,0d666e,0d8d94,UNCONDITIONAL_CALL
egs52_update_near_d550_0d66ee,0d66f6,0d4338,UNCONDITIONAL_CALL
egs52_update_near_d550_0d66ee,0d675c,0d7b70,UNCONDITIONAL_CALL
egs52_update_near_d550_0d66ee,0d6760,0d7b8a,UNCONDITIONAL_CALL
egs52_update_near_d550_0d66ee,0d6782,0df27e,UNCONDITIONAL_CALL
egs52_update_near_d550_0d66ee,0d6798,0d7b70,UNCONDITIONAL_CALL
egs52_update_near_d550_0d66ee,0d679c,0d7b8a,UNCONDITIONAL_CALL
egs52_update_near_d550_0d66ee,0d67b0,0d7b3e,UNCONDITIONAL_CALL
egs52_update_near_d550_0d66ee,0d67b4,0d7bc0,UNCONDITIONAL_CALL
egs52_update_near_d550_0d66ee,0d67b8,0d8fc8,UNCONDITIONAL_CALL
egs52_update_near_d550_0d66ee,0d67c8,0df27e,UNCONDITIONAL_CALL
egs52_update_near_d550_0d66ee,0d67da,0d7cb8,UNCONDITIONAL_CALL
egs52_update_near_d550_0d66ee,0d67ea,0d8f58,UNCONDITIONAL_CALL
egs52_update_near_d550_0d66ee,0d67fa,0df27e,UNCONDITIONAL_CALL
egs52_update_near_d5b0_0d6866,0d686a,0d77c8,UNCONDITIONAL_CALL
egs52_update_near_d5b0_0d6866,0d686e,0d7ad6,UNCONDITIONAL_CALL
egs52_update_near_d5b0_0d6866,0d6886,0d69c0,COMPUTED_JUMP
egs52_update_near_d5b0_0d6866,0d6886,0d6a40,COMPUTED_JUMP
egs52_update_near_d5b0_0d6866,0d6886,0d68a6,COMPUTED_JUMP
egs52_update_near_d5b0_0d6866,0d6886,0d6914,COMPUTED_JUMP
egs52_update_near_d5b0_0d6866,0d6886,0d6888,COMPUTED_JUMP
egs52_update_near_d5b0_0d6866,0d6888,0d7010,UNCONDITIONAL_CALL
egs52_update_near_d5b0_0d6866,0d68b0,0df27e,UNCONDITIONAL_CALL
egs52_update_near_d5b0_0d6866,0d68c2,0df27e,UNCONDITIONAL_CALL
egs52_update_near_d5b0_0d6866,0d68d2,0d9176,UNCONDITIONAL_CALL
egs52_update_near_d5b0_0d6866,0d68e2,0df27e,UNCONDITIONAL_CALL
egs52_update_near_d5b0_0d6866,0d6904,0d6eb0,UNCONDITIONAL_CALL
egs52_update_near_d5b0_0d6866,0d6968,0df222,UNCONDITIONAL_CALL
egs52_update_near_d5b0_0d6866,0d6972,0def12,UNCONDITIONAL_CALL
egs52_update_near_d5b0_0d6866,0d6986,0d9176,UNCONDITIONAL_CALL
egs52_update_near_d5b0_0d6866,0d69a0,0d6eb0,UNCONDITIONAL_CALL
egs52_update_near_d5b0_0d6866,0d69cc,0df27e,UNCONDITIONAL_CALL
egs52_update_near_d5b0_0d6866,0d69e4,0df222,UNCONDITIONAL_CALL
egs52_update_near_d5b0_0d6866,0d69ee,0def12,UNCONDITIONAL_CALL
egs52_update_near_d5b0_0d6866,0d6a02,0d91f8,UNCONDITIONAL_CALL
egs52_update_near_d5b0_0d6866,0d6a12,0df27e,UNCONDITIONAL_CALL
egs52_update_near_d5b0_0d6866,0d6a50,0d91f8,UNCONDITIONAL_CALL
egs52_update_near_d5b0_0d6866,0d6a68,0dfcd6,UNCONDITIONAL_CALL
egs52_update_near_d5b0_0d6ac2,0d6ae2,0d7110,UNCONDITIONAL_CALL
egs52_update_near_d5b0_0d6ac2,0d6afc,0df27e,UNCONDITIONAL_CALL
egs52_update_near_d5b0_0d6ac2,0d6b0e,0df27e,UNCONDITIONAL_CALL
egs52_update_near_d5b0_0d6ac2,0d6b72,0df27e,UNCONDITIONAL_CALL
egs52_update_near_d5b0_0d6b8c,0d6ba0,0d714e,UNCONDITIONAL_CALL
egs52_update_near_d5b0_0d6b8c,0d6bcc,0d6c32,UNCONDITIONAL_CALL
egs52_update_near_d5b0_0d6b8c,0d6bd0,0d6c52,UNCONDITIONAL_CALL
egs52_update_near_d5b0_0d6b8c,0d6bd4,0d6c64,UNCONDITIONAL_CALL
egs52_update_near_d3e0_0d6bee,0d6c1c,0df506,UNCONDITIONAL_CALL
egs52_update_near_d579_0d6c96,0d6c9c,0d6c72,UNCONDITIONAL_CALL
egs52_update_near_d579_0d6c96,0d6d0e,0d41e8,UNCONDITIONAL_CALL
egs52_update_near_d579_0d6c96,0d6d40,0d41e8,UNCONDITIONAL_CALL
egs52_update_near_d579_0d6c96,0d6e0a,0d41e8,UNCONDITIONAL_CALL
egs52_update_near_d477_0d6e1a,0d6e1c,0d6c72,UNCONDITIONAL_CALL
egs52_update_near_d477_0d6e1a,0d6e68,0d41e8,UNCONDITIONAL_CALL
egs52_update_near_d41a_0d6eb0,0d6edc,0d6e94,UNCONDITIONAL_CALL
egs52_update_near_d418_0d6f4e,0d6f94,0d6e94,UNCONDITIONAL_CALL
egs52_update_near_d5f6_0d7010,0d7068,0df3a4,UNCONDITIONAL_CALL
egs52_update_near_d5f6_0d7010,0d70a2,0df3a4,UNCONDITIONAL_CALL
egs52_update_near_d5f6_0d7110,0d7148,0df3a4,UNCONDITIONAL_CALL
egs52_update_near_d5f6_0d714e,0d7186,0df3a4,UNCONDITIONAL_CALL
egs52_update_near_d430_0d718c,0d71b8,0df980,UNCONDITIONAL_CALL
egs52_update_near_d430_0d718c,0d7268,0df3f8,UNCONDITIONAL_CALL
egs52_compute_d42e_byte,0d72ec,0d6e94,UNCONDITIONAL_CALL
egs52_compute_d42e_byte,0d7332,0d6e94,UNCONDITIONAL_CALL
egs52_compute_d42e_byte,0d73a4,0df44c,UNCONDITIONAL_CALL
egs52_compute_from_near_f634_0d73e6,0d7442,0df44c,UNCONDITIONAL_CALL
egs52_update_near_d5f6_0d74a6,0d74de,0df3a4,UNCONDITIONAL_CALL
egs52_update_near_d5f6_0d7504,0d755a,0df3a4,UNCONDITIONAL_CALL
egs52_update_near_d5f6_0d7504,0d7584,0df894,UNCONDITIONAL_CALL
egs52_update_near_d5f6_0d7504,0d75a0,0df894,UNCONDITIONAL_CALL
egs52_update_near_d490_0d7666,0d76e8,0df980,UNCONDITIONAL_CALL
egs52_update_near_d490_0d7666,0d775a,0df980,UNCONDITIONAL_CALL
egs52_update_near_d4dc_0d77c8,0d7846,0df980,UNCONDITIONAL_CALL
egs52_update_near_d4dc_0d77c8,0d7944,0df980,UNCONDITIONAL_CALL
egs52_update_near_d47e_0d7a4c,0d7a58,0d6e94,UNCONDITIONAL_CALL
egs52_update_near_d3fc_0d7be2,0d7c2c,0df1c6,UNCONDITIONAL_CALL
egs52_update_near_d600_0d7cb8,0d7db0,0df3f8,UNCONDITIONAL_CALL
egs52_compute_from_near_f63a_0d7e88,0d7eee,0d7c4e,UNCONDITIONAL_CALL
egs52_compute_from_near_f63a_0d7efc,0d7f42,0d7c4e,UNCONDITIONAL_CALL
egs52_compute_from_near_d4e1_0d7f50,0d7fec,0d7c4e,UNCONDITIONAL_CALL
egs52_compute_from_near_d54a_0d7ffa,0d8084,0d7c4e,UNCONDITIONAL_CALL
egs52_compute_from_near_d4d2_0d8092,0d80f8,0d7c4e,UNCONDITIONAL_CALL
egs52_compute_from_near_d4d2_0d8104,0d815a,0d7c4e,UNCONDITIONAL_CALL
egs52_compute_from_near_d4d2_0d817a,0d81f0,0d7c4e,UNCONDITIONAL_CALL
egs52_compute_from_near_d4d2_0d81fe,0d82cc,0d7c4e,UNCONDITIONAL_CALL
egs52_compute_from_near_d4d2_0d82da,0d8354,0d7c4e,UNCONDITIONAL_CALL
egs52_compute_from_near_d4d2_0d8360,0d8364,0d7be2,UNCONDITIONAL_CALL
egs52_compute_from_near_f634_0d83e8,0d84b4,0d7c4e,UNCONDITIONAL_CALL
egs52_compute_from_near_f634_0d83e8,0d856a,0d7c4e,UNCONDITIONAL_CALL
egs52_compute_from_near_f634_0d83e8,0d85ca,0d7c4e,UNCONDITIONAL_CALL
egs52_compute_from_near_d546_0d8636,0d867e,0d7c4e,UNCONDITIONAL_CALL
egs52_compute_from_near_f636_0d892a,0d89f2,0d7c4e,UNCONDITIONAL_CALL
egs52_update_near_d47e_0d8b4a,0d8b52,0d6c72,UNCONDITIONAL_CALL
egs52_update_near_d47e_0d8b4a,0d8bc4,0d41e8,UNCONDITIONAL_CALL
egs52_update_near_d47e_0d8b4a,0d8bf6,0d41e8,UNCONDITIONAL_CALL
egs52_update_near_d47e_0d8b4a,0d8cc0,0d41e8,UNCONDITIONAL_CALL
egs52_update_near_d4ae_0d8cf8,0d8d04,0d4338,UNCONDITIONAL_CALL
egs52_compute_from_near_d4d2_0d8d94,0d8e56,0d4338,UNCONDITIONAL_CALL
egs52_compute_from_near_d4d2_0d8d94,0d8e76,0d7c4e,UNCONDITIONAL_CALL
egs52_compute_from_near_f63a_0d8f58,0d8fba,0d7c4e,UNCONDITIONAL_CALL
egs52_compute_from_near_d4dc_0d9176,0d91ec,0d7c4e,UNCONDITIONAL_CALL
egs52_compute_from_near_d4d2_0d91f8,0d9258,0d7c4e,UNCONDITIONAL_CALL
egs52_update_near_d540_0d92e2,0d93c8,0dfce4,UNCONDITIONAL_CALL
egs52_update_near_d5b0_0d9430,0d9432,0d7a4c,UNCONDITIONAL_CALL
egs52_update_near_d5b0_0d9430,0d944a,0d9782,COMPUTED_JUMP
egs52_update_near_d5b0_0d9430,0d944a,0d952e,COMPUTED_JUMP
egs52_update_near_d5b0_0d9430,0d944a,0d961e,COMPUTED_JUMP
egs52_update_near_d5b0_0d9430,0d944a,0d96ae,COMPUTED_JUMP
egs52_update_near_d5b0_0d9430,0d944a,0d944c,COMPUTED_JUMP
egs52_update_near_d5b0_0d9430,0d944c,0d7010,UNCONDITIONAL_CALL
egs52_update_near_d5b0_0d9430,0d9478,0dfcd6,UNCONDITIONAL_CALL
egs52_update_near_d5b0_0d9430,0d9492,0dfcd6,UNCONDITIONAL_CALL
egs52_update_near_d5b0_0d9430,0d952e,0d3124,UNCONDITIONAL_CALL
egs52_update_near_d5b0_0d9430,0d9532,0d77c8,UNCONDITIONAL_CALL
egs52_update_near_d5b0_0d9430,0d9536,0d9264,UNCONDITIONAL_CALL
egs52_update_near_d5b0_0d9430,0d9548,0df27e,UNCONDITIONAL_CALL
egs52_update_near_d5b0_0d9430,0d9560,0df222,UNCONDITIONAL_CALL
egs52_update_near_d5b0_0d9430,0d956a,0def12,UNCONDITIONAL_CALL
egs52_update_near_d5b0_0d9430,0d956e,0d92e2,UNCONDITIONAL_CALL
egs52_update_near_d5b0_0d9430,0d9576,0d874e,UNCONDITIONAL_CALL
egs52_update_near_d5b0_0d9430,0d9590,0df27e,UNCONDITIONAL_CALL
egs52_update_near_d5b0_0d9430,0d95a2,0d7cb8,UNCONDITIONAL_CALL
egs52_update_near_d5b0_0d9430,0d95c2,0d6eb0,UNCONDITIONAL_CALL
egs52_update_near_d5b0_0d9430,0d95fe,0d6eb0,UNCONDITIONAL_CALL
egs52_update_near_d5b0_0d9430,0d961e,0d3124,UNCONDITIONAL_CALL
egs52_update_near_d5b0_0d9430,0d9622,0d9264,UNCONDITIONAL_CALL
egs52_update_near_d5b0_0d9430,0d963a,0df222,UNCONDITIONAL_CALL
egs52_update_near_d5b0_0d9430,0d9644,0def12,UNCONDITIONAL_CALL
egs52_update_near_d5b0_0d9430,0d9648,0d92e2,UNCONDITIONAL_CALL
egs52_update_near_d5b0_0d9430,0d9650,0d77c8,UNCONDITIONAL_CALL
egs52_update_near_d5b0_0d9430,0d9654,0d7ad6,UNCONDITIONAL_CALL
egs52_update_near_d5b0_0d9430,0d9658,0d874e,UNCONDITIONAL_CALL
egs52_update_near_d5b0_0d9430,0d9674,0d7cb8,UNCONDITIONAL_CALL
egs52_update_near_d5b0_0d9430,0d968e,0d6eb0,UNCONDITIONAL_CALL
egs52_update_near_d5b0_0d9430,0d96ae,0d3124,UNCONDITIONAL_CALL
egs52_update_near_d5b0_0d9430,0d96b2,0d7ad6,UNCONDITIONAL_CALL
egs52_update_near_d5b0_0d9430,0d96fa,0df27e,UNCONDITIONAL_CALL
egs52_update_near_d5b0_0d9430,0d9712,0df222,UNCONDITIONAL_CALL
egs52_update_near_d5b0_0d9430,0d971c,0def12,UNCONDITIONAL_CALL
egs52_update_near_d5b0_0d9430,0d9720,0d92e2,UNCONDITIONAL_CALL
egs52_update_near_d5b0_0d9430,0d9728,0d87cc,UNCONDITIONAL_CALL
egs52_update_near_d5b0_0d9430,0d9742,0df27e,UNCONDITIONAL_CALL
egs52_update_near_d5b0_0d9430,0d9754,0d7cb8,UNCONDITIONAL_CALL
egs52_update_near_d5b0_0d9430,0d9782,0d3124,UNCONDITIONAL_CALL
egs52_update_near_d5b0_0d9430,0d9786,0d7ad6,UNCONDITIONAL_CALL
egs52_update_near_d5b0_0d9430,0d978a,0d87cc,UNCONDITIONAL_CALL
egs52_update_near_d5b0_0d9430,0d979c,0d7cb8,UNCONDITIONAL_CALL
egs52_update_near_d5b0_0d9430,0d97c6,0d868c,UNCONDITIONAL_CALL
egs52_update_near_d5b0_0d9430,0d97d4,0df27e,UNCONDITIONAL_CALL
egs52_update_near_d550_0d9802,0d980e,0d7b3e,UNCONDITIONAL_CALL
egs52_update_near_d550_0d9802,0d9830,0d7a4c,UNCONDITIONAL_CALL
egs52_update_near_d550_0d9802,0d98b4,0df3a4,UNCONDITIONAL_CALL
egs52_update_near_d550_0d9802,0d98f0,0df3a4,UNCONDITIONAL_CALL
egs52_update_near_d550_0d9802,0d9972,0d7be2,UNCONDITIONAL_CALL
egs52_update_near_d550_0d9802,0d998a,0d7a4c,UNCONDITIONAL_CALL
egs52_update_near_d550_0d9802,0d998e,0d3124,UNCONDITIONAL_CALL
egs52_update_near_d550_0d9802,0d9992,0d8360,UNCONDITIONAL_CALL
egs52_update_near_d550_0d9802,0d99a2,0df27e,UNCONDITIONAL_CALL
egs52_update_near_d550_0d9802,0d99b4,0d7cb8,UNCONDITIONAL_CALL
egs52_update_near_d550_0d9802,0d9a3e,0d82da,UNCONDITIONAL_CALL
egs52_update_near_d550_0d9802,0d9a4e,0d8636,UNCONDITIONAL_CALL
egs52_update_near_d550_0d9802,0d9a5e,0d82da,UNCONDITIONAL_CALL
egs52_update_near_d550_0d9802,0d9a6e,0d8636,UNCONDITIONAL_CALL
egs52_update_near_d550_0d9802,0d9a80,0d868c,UNCONDITIONAL_CALL
egs52_update_near_d550_0d9802,0d9a92,0d868c,UNCONDITIONAL_CALL
egs52_update_near_d550_0d9ac6,0d9ace,0d4338,UNCONDITIONAL_CALL
egs52_update_near_d550_0d9ac6,0d9b38,0d7b70,UNCONDITIONAL_CALL
egs52_update_near_d550_0d9ac6,0d9b3c,0d7b8a,UNCONDITIONAL_CALL
egs52_update_near_d550_0d9ac6,0d9b44,0d85da,UNCONDITIONAL_CALL
egs52_update_near_d550_0d9ac6,0d9b54,0df27e,UNCONDITIONAL_CALL
egs52_update_near_d550_0d9ac6,0d9b66,0d7cb8,UNCONDITIONAL_CALL
egs52_update_near_d550_0d9ac6,0d9b88,0df27e,UNCONDITIONAL_CALL
egs52_update_near_d550_0d9ac6,0d9b9e,0d7b70,UNCONDITIONAL_CALL
egs52_update_near_d550_0d9ac6,0d9ba2,0d7b8a,UNCONDITIONAL_CALL
egs52_update_near_d550_0d9ac6,0d9bb6,0d7b3e,UNCONDITIONAL_CALL
egs52_update_near_d550_0d9ac6,0d9bba,0d7bc0,UNCONDITIONAL_CALL
egs52_update_near_d550_0d9ac6,0d9bc2,0d83e8,UNCONDITIONAL_CALL
egs52_update_near_d5a6_0d9be4,0d9bf0,0d7666,UNCONDITIONAL_CALL
egs52_update_near_d5a6_0d9be4,0d9bf8,0d4338,UNCONDITIONAL_CALL
egs52_update_near_d5a6_0d9be4,0d9c02,0d42a6,UNCONDITIONAL_CALL
egs52_update_near_d5a6_0d9be4,0d9c0a,0d7e30,UNCONDITIONAL_CALL
egs52_update_near_d5a6_0d9be4,0d9c28,0d6c96,UNCONDITIONAL_CALL
egs52_update_near_d5a6_0d9be4,0d9c8a,0df3a4,UNCONDITIONAL_CALL
egs52_update_near_d5a6_0d9be4,0d9d28,0df27e,UNCONDITIONAL_CALL
egs52_update_near_d5a6_0d9be4,0d9d34,0d7cb8,UNCONDITIONAL_CALL
egs52_update_near_d5a6_0d9be4,0d9d8e,0d7efc,UNCONDITIONAL_CALL
egs52_update_near_d5a6_0d9be4,0d9d9c,0d7e88,UNCONDITIONAL_CALL
egs52_update_near_d5a6_0d9be4,0d9da6,0d7f50,UNCONDITIONAL_CALL
egs52_update_near_d5a6_0d9be4,0d9db2,0d7e88,UNCONDITIONAL_CALL
egs52_update_near_d5a6_0d9be4,0d9dbc,0d7f50,UNCONDITIONAL_CALL
egs52_update_near_d5b0_0d9dcc,0d9de0,0d714e,UNCONDITIONAL_CALL
egs52_update_near_d5b0_0d9dcc,0d9e00,0d7cb8,UNCONDITIONAL_CALL
egs52_update_near_d5b0_0d9dcc,0d9e18,0d6c32,UNCONDITIONAL_CALL
egs52_update_near_d5b0_0d9dcc,0d9e1c,0d6c52,UNCONDITIONAL_CALL
egs52_update_near_d5b0_0d9dcc,0d9e20,0d6c64,UNCONDITIONAL_CALL
egs52_update_near_d442_0d9e3a,0d9e3e,0d6c96,UNCONDITIONAL_CALL
egs52_update_near_d442_0d9e3a,0d9ea2,0d42a6,UNCONDITIONAL_CALL
egs52_update_near_d442_0d9e3a,0d9eba,0df2b0,UNCONDITIONAL_CALL
egs52_update_near_d453_0d9f0c,0d9f3e,0d4338,UNCONDITIONAL_CALL
egs52_update_near_d453_0d9f0c,0d9f44,0d7e30,UNCONDITIONAL_CALL
egs52_update_near_d453_0d9f0c,0d9f56,0d7cb8,UNCONDITIONAL_CALL
egs52_update_near_d453_0d9f0c,0d9f66,0d817a,UNCONDITIONAL_CALL
egs52_update_near_d453_0d9f0c,0da050,0df3a4,UNCONDITIONAL_CALL
egs52_update_near_d453_0d9f0c,0da070,0df27e,UNCONDITIONAL_CALL
egs52_update_near_d453_0d9f0c,0da080,0d282c,UNCONDITIONAL_CALL
egs52_update_near_d453_0d9f0c,0da108,0d9e3a,UNCONDITIONAL_CALL
egs52_update_near_d453_0d9f0c,0da110,0d7666,UNCONDITIONAL_CALL
egs52_update_near_d453_0d9f0c,0da114,0d3124,UNCONDITIONAL_CALL
egs52_update_near_d453_0d9f0c,0da118,0d718c,UNCONDITIONAL_CALL
egs52_update_near_d453_0d9f0c,0da12e,0d42a6,UNCONDITIONAL_CALL
egs52_update_near_d453_0d9f0c,0da134,0d7e30,UNCONDITIONAL_CALL
egs52_update_near_d453_0d9f0c,0da142,0df27e,UNCONDITIONAL_CALL
egs52_update_near_d453_0d9f0c,0da154,0d7cb8,UNCONDITIONAL_CALL
egs52_update_near_d453_0d9f0c,0da172,0d4338,UNCONDITIONAL_CALL
egs52_update_near_d453_0d9f0c,0da178,0d7e30,UNCONDITIONAL_CALL
egs52_update_near_d453_0d9f0c,0da186,0df27e,UNCONDITIONAL_CALL
egs52_update_near_d453_0d9f0c,0da198,0d7cb8,UNCONDITIONAL_CALL
egs52_update_near_d453_0d9f0c,0da1ba,0d8092,UNCONDITIONAL_CALL
egs52_update_near_d453_0d9f0c,0da1c8,0df27e,UNCONDITIONAL_CALL
egs52_update_near_d453_0d9f0c,0da1fa,0dfcd6,UNCONDITIONAL_CALL
egs52_update_near_d453_0d9f0c,0da21a,0d9e3a,UNCONDITIONAL_CALL
egs52_update_near_d56a_0da226,0da22e,0d8846,UNCONDITIONAL_CALL
egs52_update_near_d56a_0da226,0da256,0d7110,UNCONDITIONAL_CALL
egs52_update_near_d56a_0da226,0da270,0d8ac8,UNCONDITIONAL_CALL
egs52_update_near_d56a_0da226,0da27e,0df27e,UNCONDITIONAL_CALL
egs52_update_near_d56a_0da226,0da290,0d7cb8,UNCONDITIONAL_CALL
egs52_update_near_d56a_0da226,0da2c4,0df27e,UNCONDITIONAL_CALL
egs52_update_near_d56a_0da226,0da2d6,0d7cb8,UNCONDITIONAL_CALL
egs52_update_near_d56a_0da300,0da308,0d892a,UNCONDITIONAL_CALL
egs52_update_near_d56a_0da300,0da32a,0d7110,UNCONDITIONAL_CALL
egs52_update_near_d56a_0da300,0da346,0df27e,UNCONDITIONAL_CALL
egs52_update_near_d56a_0da300,0da358,0d7cb8,UNCONDITIONAL_CALL
egs52_update_near_d5f6_0da370,0da424,0df3a4,UNCONDITIONAL_CALL
egs52_update_near_d5f6_0da370,0da486,0df3a4,UNCONDITIONAL_CALL
egs52_update_near_d5f6_0da370,0da506,0df506,UNCONDITIONAL_CALL
egs52_compute_from_near_d688_0da518,0da5aa,0da5f2,UNCONDITIONAL_CALL
egs52_call_0df36e_0da5f2,0da604,0df36e,UNCONDITIONAL_CALL
egs52_update_near_d433_0daa28,0daa3c,0a1b8c,UNCONDITIONAL_CALL
egs52_update_near_d433_0daa28,0daaa8,09fbc0,UNCONDITIONAL_CALL
egs52_update_near_d65c_0daaea,0dab04,0dab06,COMPUTED_JUMP
egs52_update_near_d65c_0daaea,0dab04,0dab56,COMPUTED_JUMP
egs52_update_near_d65c_0daaea,0dab04,0dab3a,COMPUTED_JUMP
egs52_update_near_d65c_0daaea,0dab04,0dab88,COMPUTED_JUMP
egs52_update_near_d65c_0daaea,0dab04,0dabae,COMPUTED_JUMP
egs52_update_near_d65c_0daaea,0dab62,0df27e,UNCONDITIONAL_CALL
egs52_update_near_d65c_0daaea,0dabae,0dbe10,UNCONDITIONAL_CALL
egs52_update_near_d65c_0daaea,0dac06,0df27e,UNCONDITIONAL_CALL
egs52_update_near_d65c_0daaea,0dac78,0dfc18,UNCONDITIONAL_CALL
egs52_update_near_d65c_0daaea,0daca2,0dfc18,UNCONDITIONAL_CALL
egs52_update_near_d65c_0daaea,0dacf0,0dbe10,UNCONDITIONAL_CALL
egs52_update_near_d65c_0dae20,0dae3c,0daf02,COMPUTED_JUMP
egs52_update_near_d65c_0dae20,0dae3c,0dae80,COMPUTED_JUMP
egs52_update_near_d65c_0dae20,0dae3c,0dae3e,COMPUTED_JUMP
egs52_update_near_d65c_0dae20,0dae3c,0daece,COMPUTED_JUMP
egs52_update_near_d65c_0dae20,0dae3c,0dae9c,COMPUTED_JUMP
egs52_update_near_d65c_0dae20,0daea8,0df27e,UNCONDITIONAL_CALL
egs52_update_near_d65c_0dae20,0daf88,0da630,UNCONDITIONAL_CALL
egs52_update_near_d65c_0dae20,0dafbc,0df894,UNCONDITIONAL_CALL
egs52_update_near_d65c_0dae20,0db05c,0dfc18,UNCONDITIONAL_CALL
egs52_update_near_d65c_0dae20,0db07c,0dfc18,UNCONDITIONAL_CALL
egs52_update_near_d65c_0dae20,0db0b4,0dbe10,UNCONDITIONAL_CALL
egs52_update_near_d65c_0dae20,0db0c4,0dbe10,UNCONDITIONAL_CALL
egs52_update_near_d65c_0dae20,0db144,0da630,UNCONDITIONAL_CALL
egs52_update_near_d65c_0dae20,0db178,0df894,UNCONDITIONAL_CALL
egs52_update_near_d692_0db2b4,0db3e8,0dbe10,UNCONDITIONAL_CALL
egs52_update_near_d67e_0db40a,0db4ec,09fbc0,UNCONDITIONAL_CALL
egs52_update_near_d6ba_0db50a,0db59a,0df980,UNCONDITIONAL_CALL
egs52_update_near_d6ba_0db50a,0db5c8,0df44c,UNCONDITIONAL_CALL
egs52_update_near_d6ba_0db50a,0db718,0df27e,UNCONDITIONAL_CALL
egs52_update_near_d6ba_0db50a,0db748,0a1b8c,UNCONDITIONAL_CALL
egs52_update_near_d67c_0db768,0db818,0db40a,UNCONDITIONAL_CALL
egs52_update_near_d67c_0db768,0db860,0df894,UNCONDITIONAL_CALL
egs52_update_near_d67c_0db768,0db964,0df894,UNCONDITIONAL_CALL
egs52_update_near_d67c_0db768,0db9d8,0dae20,UNCONDITIONAL_CALL
egs52_update_near_d67c_0db768,0dba08,0df894,UNCONDITIONAL_CALL
egs52_update_near_d67c_0db768,0dbaa0,0daaea,UNCONDITIONAL_CALL
egs52_update_near_d67c_0db768,0dbaa8,0dae20,UNCONDITIONAL_CALL
egs52_update_near_d67c_0db768,0dbad6,0df894,UNCONDITIONAL_CALL
egs52_update_near_d67c_0db768,0dbb5c,0daaea,UNCONDITIONAL_CALL
egs52_update_near_d68a_0dbbbc,0dbbe8,0dfc18,UNCONDITIONAL_CALL
egs52_update_near_d68a_0dbbbc,0dbc06,0dfc18,UNCONDITIONAL_CALL
egs52_update_near_d68a_0dbbbc,0dbc24,0dfc18,UNCONDITIONAL_CALL
egs52_update_near_d68a_0dbbbc,0dbc5c,0dfc18,UNCONDITIONAL_CALL
egs52_update_near_d68a_0dbbbc,0dbc92,09212e,UNCONDITIONAL_CALL
egs52_update_near_d68a_0dbbbc,0dbdce,09214e,UNCONDITIONAL_CALL
egs52_update_near_d6b4_0dbe10,0dbe22,0da630,UNCONDITIONAL_CALL
egs52_update_near_d6b4_0dbe10,0dbe56,0df894,UNCONDITIONAL_CALL
egs52_update_near_d6b4_0dbe10,0dbeac,0df894,UNCONDITIONAL_CALL
egs52_update_near_d6b4_0dbe10,0dbed8,0df894,UNCONDITIONAL_CALL
egs52_update_near_d6b4_0dbe10,0dbee8,0df1f8,UNCONDITIONAL_CALL
egs52_update_near_d6b4_0dbe10,0dbf1a,0df44c,UNCONDITIONAL_CALL
egs52_update_near_d666_0dbf7e,0dbfec,0dbbbc,UNCONDITIONAL_CALL
egs52_update_near_d666_0dbf7e,0dbff0,0dbe10,UNCONDITIONAL_CALL
egs52_update_near_d666_0dbf7e,0dc078,09212e,UNCONDITIONAL_CALL
egs52_update_near_d666_0dbf7e,0dc0fe,0df27e,UNCONDITIONAL_CALL
egs52_update_near_d666_0dbf7e,0dc152,09212e,UNCONDITIONAL_CALL
egs52_update_near_d666_0dbf7e,0dc23e,09212e,UNCONDITIONAL_CALL
egs52_update_near_d666_0dbf7e,0dc2ac,09212e,UNCONDITIONAL_CALL
egs52_update_near_d690_0dc336,0dc416,09214e,UNCONDITIONAL_CALL
egs52_update_near_d690_0dc336,0dc470,0df36e,UNCONDITIONAL_CALL
egs52_update_near_d690_0dc336,0dc4dc,0da518,UNCONDITIONAL_CALL
egs52_update_near_d690_0dc336,0dc540,0da518,UNCONDITIONAL_CALL
egs52_update_near_d690_0dc336,0dc5c4,0da518,UNCONDITIONAL_CALL
egs52_update_near_d690_0dc336,0dc628,0da518,UNCONDITIONAL_CALL
egs52_update_near_d690_0dc336,0dc724,0da518,UNCONDITIONAL_CALL
egs52_update_near_d690_0dc336,0dc77a,0da518,UNCONDITIONAL_CALL
egs52_update_near_d690_0dc336,0dc7fe,0da518,UNCONDITIONAL_CALL
egs52_update_near_d690_0dc336,0dc854,0da518,UNCONDITIONAL_CALL
egs52_update_near_d690_0dc336,0dc8f2,0da630,UNCONDITIONAL_CALL
egs52_update_near_d690_0dc336,0dc914,09212e,UNCONDITIONAL_CALL
egs52_update_near_d690_0dc336,0dca64,09214e,UNCONDITIONAL_CALL
egs52_update_near_d690_0dc336,0dcb50,09214e,UNCONDITIONAL_CALL
egs52_update_near_d690_0dc336,0dcb70,0da630,UNCONDITIONAL_CALL
egs52_update_near_d690_0dc336,0dcc86,0da630,UNCONDITIONAL_CALL
egs52_update_near_d690_0dccd0,0dcdcc,09214e,UNCONDITIONAL_CALL
egs52_update_near_d690_0dccd0,0dce26,0df36e,UNCONDITIONAL_CALL
egs52_update_near_d690_0dccd0,0dce76,0da518,UNCONDITIONAL_CALL
egs52_update_near_d690_0dccd0,0dced0,0da518,UNCONDITIONAL_CALL
egs52_update_near_d690_0dccd0,0dcf4a,0da518,UNCONDITIONAL_CALL
egs52_update_near_d690_0dccd0,0dcfa4,0da518,UNCONDITIONAL_CALL
egs52_update_near_d690_0dccd0,0dd08c,0da518,UNCONDITIONAL_CALL
egs52_update_near_d690_0dccd0,0dd0d8,0da518,UNCONDITIONAL_CALL
egs52_update_near_d690_0dccd0,0dd152,0da518,UNCONDITIONAL_CALL
egs52_update_near_d690_0dccd0,0dd19e,0da518,UNCONDITIONAL_CALL
egs52_update_near_d690_0dccd0,0dd234,0da630,UNCONDITIONAL_CALL
egs52_update_near_d690_0dccd0,0dd256,09212e,UNCONDITIONAL_CALL
egs52_update_near_d690_0dccd0,0dd396,09214e,UNCONDITIONAL_CALL
egs52_update_near_d690_0dccd0,0dd472,09214e,UNCONDITIONAL_CALL
egs52_update_near_d690_0dccd0,0dd482,0da630,UNCONDITIONAL_CALL
egs52_update_near_d690_0dccd0,0dd5ea,0da630,UNCONDITIONAL_CALL
egs52_update_near_d708_0dd674,0dd73a,0df894,UNCONDITIONAL_CALL
egs52_update_near_d6b6_0dd7fa,0dd808,0da9b8,UNCONDITIONAL_CALL
egs52_update_near_d6b6_0dd7fa,0dd84c,0df1c6,UNCONDITIONAL_CALL
egs52_update_near_d6b6_0dd7fa,0dd854,0db50a,UNCONDITIONAL_CALL
egs52_update_near_d6b6_0dd7fa,0dd8de,0df894,UNCONDITIONAL_CALL
egs52_update_near_d6b6_0dd7fa,0dd8ee,0da630,UNCONDITIONAL_CALL
egs52_update_near_d6b6_0dd7fa,0dd93a,0df1c6,UNCONDITIONAL_CALL
egs52_update_near_d6b6_0dd7fa,0dd954,0df1f8,UNCONDITIONAL_CALL
egs52_update_near_d6b6_0dd7fa,0dd9c0,0df1c6,UNCONDITIONAL_CALL
egs52_update_near_d6b6_0dd7fa,0ddb0c,0df3f8,UNCONDITIONAL_CALL
egs52_update_near_d6b6_0dd7fa,0ddba0,09214e,UNCONDITIONAL_CALL
egs52_update_near_d6b6_0dd7fa,0ddce8,0df72e,UNCONDITIONAL_CALL
egs52_update_near_d6b6_0dd7fa,0dde54,0df44c,UNCONDITIONAL_CALL
egs52_update_near_d6b6_0dd7fa,0ddf78,0db2b4,UNCONDITIONAL_CALL
egs52_update_near_d6b6_0dd7fa,0ddfcc,0db768,UNCONDITIONAL_CALL
egs52_update_near_d6b6_0dd7fa,0ddfd0,0dbf7e,UNCONDITIONAL_CALL
egs52_update_near_d6b6_0dd7fa,0ddfd4,0dd674,UNCONDITIONAL_CALL
egs52_update_near_d6b6_0dd7fa,0ddfe8,0dc336,UNCONDITIONAL_CALL
egs52_update_near_d6b6_0dd7fa,0ddfee,0dccd0,UNCONDITIONAL_CALL
egs52_update_near_d6b6_0dd7fa,0de000,0daa28,UNCONDITIONAL_CALL
egs52_update_near_d6b6_0dd7fa,0de004,0da902,UNCONDITIONAL_CALL
egs52_update_near_d57c_0de208,0de366,0dfc18,UNCONDITIONAL_CALL
egs52_update_near_d57c_0de208,0de386,0dfc18,UNCONDITIONAL_CALL
egs52_update_near_d57c_0de208,0de3a8,0dfc18,UNCONDITIONAL_CALL
egs52_update_near_d57c_0de208,0de43a,0dfc18,UNCONDITIONAL_CALL
egs52_update_near_d57c_0de208,0de45c,0dfc18,UNCONDITIONAL_CALL
egs52_update_near_d57c_0de208,0de4ce,0d6c64,UNCONDITIONAL_CALL
egs52_update_near_d57c_0de208,0de4d2,0d6c52,UNCONDITIONAL_CALL
egs52_update_near_d47b_0de4f0,0de536,0df222,UNCONDITIONAL_CALL
egs52_update_near_d47b_0de4f0,0de5b6,0df250,UNCONDITIONAL_CALL
egs52_update_near_d47b_0de4f0,0de5da,0df250,UNCONDITIONAL_CALL
egs52_update_near_d47b_0de4f0,0de620,0de1ee,UNCONDITIONAL_CALL
egs52_update_near_d47b_0de4f0,0de624,0de11a,UNCONDITIONAL_CALL
egs52_update_near_d47b_0de4f0,0de6a4,0d6c64,UNCONDITIONAL_CALL
egs52_update_near_d47b_0de4f0,0de6a8,0d6c52,UNCONDITIONAL_CALL
egs52_update_near_d47b_0de4f0,0de6ca,0de208,UNCONDITIONAL_CALL
egs52_update_near_d47b_0de4f0,0de6ec,0d6c64,UNCONDITIONAL_CALL
egs52_update_near_d47b_0de4f0,0de6f0,0d6c52,UNCONDITIONAL_CALL
egs52_update_near_d47b_0de4f0,0de724,0d6c64,UNCONDITIONAL_CALL
egs52_update_near_d47b_0de4f0,0de728,0d6c52,UNCONDITIONAL_CALL
egs52_update_near_d47b_0de4f0,0de78c,0d6c64,UNCONDITIONAL_CALL
egs52_update_near_d47b_0de4f0,0de790,0d6c52,UNCONDITIONAL_CALL
egs52_update_near_d47b_0de4f0,0de7c0,0de014,UNCONDITIONAL_CALL
egs52_update_near_d47b_0de4f0,0de800,0d6c52,UNCONDITIONAL_CALL
egs52_update_near_d47b_0de4f0,0de810,0d6c64,UNCONDITIONAL_CALL
egs52_update_near_d47b_0de4f0,0de81c,0d6c64,UNCONDITIONAL_CALL
egs52_update_near_d47b_0de4f0,0de830,0d6c64,UNCONDITIONAL_CALL
egs52_update_near_d47b_0de4f0,0de83c,0d6c64,UNCONDITIONAL_CALL
egs52_update_near_d47b_0de4f0,0de87e,0d6c52,UNCONDITIONAL_CALL
egs52_update_near_d47b_0de4f0,0de88e,0d6c64,UNCONDITIONAL_CALL
egs52_update_near_d47b_0de4f0,0de89a,0d6c64,UNCONDITIONAL_CALL
egs52_update_near_d47b_0de4f0,0de8ae,0d6c64,UNCONDITIONAL_CALL
egs52_update_near_d47b_0de4f0,0de8ba,0d6c64,UNCONDITIONAL_CALL
egs52_update_near_d47b_0de4f0,0de916,0de02a,UNCONDITIONAL_CALL
egs52_update_near_d47b_0de4f0,0de930,0de932,COMPUTED_JUMP
egs52_update_near_d47b_0de4f0,0de930,0de9e4,COMPUTED_JUMP
egs52_update_near_d47b_0de4f0,0de930,0debda,COMPUTED_JUMP
egs52_update_near_d47b_0de4f0,0de930,0dea7a,COMPUTED_JUMP
egs52_update_near_d47b_0de4f0,0de930,0deb58,COMPUTED_JUMP
egs52_update_near_d47b_0de4f0,0de962,0d6c52,UNCONDITIONAL_CALL
egs52_update_near_d47b_0de4f0,0de980,0d6c64,UNCONDITIONAL_CALL
egs52_update_near_d47b_0de4f0,0de98c,0d6c64,UNCONDITIONAL_CALL
egs52_update_near_d47b_0de4f0,0de9ae,0d6c64,UNCONDITIONAL_CALL
egs52_update_near_d47b_0de4f0,0de9ba,0d6c64,UNCONDITIONAL_CALL
egs52_update_near_d47b_0de4f0,0dea14,0d6c52,UNCONDITIONAL_CALL
egs52_update_near_d47b_0de4f0,0dea24,0d6c64,UNCONDITIONAL_CALL
egs52_update_near_d47b_0de4f0,0dea30,0d6c64,UNCONDITIONAL_CALL
egs52_update_near_d47b_0de4f0,0dea44,0d6c64,UNCONDITIONAL_CALL
egs52_update_near_d47b_0de4f0,0dea50,0d6c64,UNCONDITIONAL_CALL
egs52_update_near_d47b_0de4f0,0deb2e,0d6f4e,UNCONDITIONAL_CALL
egs52_update_near_d47b_0de4f0,0deb4a,0d6c64,UNCONDITIONAL_CALL
egs52_update_near_d47b_0de4f0,0debd4,0d6c64,UNCONDITIONAL_CALL
egs52_update_near_d47b_0de4f0,0dec22,0de014,UNCONDITIONAL_CALL
egs52_update_near_d47b_0de4f0,0dec40,0de02a,UNCONDITIONAL_CALL
egs52_update_near_d47b_0de4f0,0dec50,0de05c,UNCONDITIONAL_CALL
egs52_update_near_d47b_0de4f0,0dec5e,0de014,UNCONDITIONAL_CALL
egs52_update_near_d47b_0de4f0,0dec6a,0de0d0,UNCONDITIONAL_CALL
egs52_update_near_d47b_0de4f0,0dec7c,0de02a,UNCONDITIONAL_CALL
egs52_update_near_d47b_0de4f0,0dec88,0de0d0,UNCONDITIONAL_CALL
egs52_update_near_d47b_0de4f0,0dec90,0de05c,UNCONDITIONAL_CALL
egs52_update_near_d47b_0de4f0,0decc8,0d6c64,UNCONDITIONAL_CALL
egs52_update_near_d47b_0de4f0,0deccc,0d6c52,UNCONDITIONAL_CALL
egs52_update_near_d47b_0de4f0,0ded04,0d6c64,UNCONDITIONAL_CALL
egs52_update_near_d47b_0de4f0,0ded08,0d6c52,UNCONDITIONAL_CALL
egs52_update_near_d47b_0de4f0,0ded8a,0d50d2,UNCONDITIONAL_CALL
egs52_update_near_d4ac_0def12,0def30,0def32,COMPUTED_JUMP
egs52_update_near_d4ac_0def12,0def30,0df000,COMPUTED_JUMP
egs52_update_near_d4ac_0def12,0def30,0df0c0,COMPUTED_JUMP
egs52_update_near_d4ac_0def12,0def30,0defb6,COMPUTED_JUMP
egs52_update_near_d4ac_0def12,0def30,0df07a,COMPUTED_JUMP
egs52_update_near_d4ac_0def12,0def30,0df03e,COMPUTED_JUMP
egs52_update_near_d4ac_0def12,0def34,0d6e94,UNCONDITIONAL_CALL
egs52_update_near_d4ac_0def12,0def90,0dfce4,UNCONDITIONAL_CALL
egs52_update_near_d4ac_0def12,0defaa,0dfce4,UNCONDITIONAL_CALL
egs52_update_near_d4ac_0def12,0defb8,0d6e94,UNCONDITIONAL_CALL
egs52_update_near_d4ac_0def12,0deff4,0dfce4,UNCONDITIONAL_CALL
egs52_update_near_d4ac_0def12,0df002,0d6e94,UNCONDITIONAL_CALL
egs52_update_near_d4ac_0def12,0df032,0dfce4,UNCONDITIONAL_CALL
egs52_update_near_d4ac_0def12,0df040,0d6e94,UNCONDITIONAL_CALL
egs52_update_near_d4ac_0def12,0df070,0dfce4,UNCONDITIONAL_CALL
egs52_update_near_d4ac_0def12,0df07c,0d6e94,UNCONDITIONAL_CALL
egs52_update_near_d4ac_0def12,0df0b8,0dfce4,UNCONDITIONAL_CALL
egs52_update_near_d4ac_0def12,0df148,0d6e94,UNCONDITIONAL_CALL
egs52_update_near_d4ac_0def12,0df192,0d6e94,UNCONDITIONAL_CALL
egs52_update_near_d4ac_0def12,0df1ae,0d8166,UNCONDITIONAL_CALL
egs52_weighted_average_s16,0df1d6,09212e,UNCONDITIONAL_CALL
egs52_sqrt_estimate_u32,0df34a,0921b4,UNCONDITIONAL_CALL
egs52_vector_length_estimate,0df398,0df2ec,UNCONDITIONAL_CALL
egs52_update_scaled_difference_d712,0e0044,0df1c6,UNCONDITIONAL_CALL
egs52_update_near_d780_0e0054,0e0154,0df1c6,UNCONDITIONAL_CALL
egs52_update_near_d780_0e0054,0e019e,0df1c6,UNCONDITIONAL_CALL
egs52_update_near_d780_0e0054,0e01b8,0df894,UNCONDITIONAL_CALL
egs52_update_near_d780_0e0054,0e0214,0df1c6,UNCONDITIONAL_CALL
egs52_update_near_d780_0e0054,0e035a,0df1c6,UNCONDITIONAL_CALL
egs52_update_near_d780_0e0054,0e0376,0df1c6,UNCONDITIONAL_CALL
egs52_update_near_d777_0e0742,0e0b24,0a1b8c,UNCONDITIONAL_CALL
egs52_update_near_d777_0e0742,0e0b34,0a1b8c,UNCONDITIONAL_CALL
egs52_update_near_d71b_0e0d52,0e0d9c,0df894,UNCONDITIONAL_CALL
egs52_update_near_d71b_0e0d52,0e0dd0,0dfc18,UNCONDITIONAL_CALL
egs52_update_near_d762_0e0e7c,0e0f4a,0df1f8,UNCONDITIONAL_CALL
egs52_update_near_d762_0e0e7c,0e0f9a,0df1f8,UNCONDITIONAL_CALL
egs52_update_near_d762_0e0e7c,0e0fd6,0df894,UNCONDITIONAL_CALL
egs52_update_near_d762_0e0e7c,0e1006,0df44c,UNCONDITIONAL_CALL
egs52_update_near_d762_0e0e7c,0e1034,0df44c,UNCONDITIONAL_CALL
egs52_update_near_d762_0e0e7c,0e1060,0df44c,UNCONDITIONAL_CALL
egs52_update_near_d762_0e0e7c,0e1088,0df1f8,UNCONDITIONAL_CALL
egs52_update_near_d74e_0e120a,0e12a8,0df44c,UNCONDITIONAL_CALL
egs52_update_near_d79a_0e12f8,0e1318,0df1f8,UNCONDITIONAL_CALL
egs52_update_near_d79a_0e12f8,0e136a,0df1c6,UNCONDITIONAL_CALL
egs52_update_near_d79a_0e12f8,0e139a,0df1c6,UNCONDITIONAL_CALL
egs52_update_near_d79a_0e12f8,0e13d2,0df1c6,UNCONDITIONAL_CALL
egs52_update_near_d75b_0e14a0,0e15a2,0df44c,UNCONDITIONAL_CALL
egs52_update_near_d75b_0e14a0,0e162a,0dfc18,UNCONDITIONAL_CALL
egs52_update_near_d75b_0e14a0,0e16c8,0df44c,UNCONDITIONAL_CALL
egs52_update_near_d75b_0e14a0,0e1732,0df44c,UNCONDITIONAL_CALL
egs52_update_near_d75b_0e14a0,0e1770,0df44c,UNCONDITIONAL_CALL
egs52_update_near_d722_0e1852,0e192c,0df44c,UNCONDITIONAL_CALL
egs52_update_near_d722_0e1852,0e196c,0df894,UNCONDITIONAL_CALL
egs52_update_near_d744_0e1c9a,0e1d2e,0df1f8,UNCONDITIONAL_CALL
egs52_update_near_d720_0e1dfe,0e1e60,0dfc18,UNCONDITIONAL_CALL
egs52_update_near_d7b6_0e1ffc,0e2094,094d98,UNCONDITIONAL_CALL
egs52_update_near_d7b6_0e1ffc,0e20de,0df1f8,UNCONDITIONAL_CALL
egs52_update_near_d7b6_0e1ffc,0e20fc,0df44c,UNCONDITIONAL_CALL
egs52_update_near_d7b6_0e1ffc,0e22ee,0e0d52,UNCONDITIONAL_CALL
egs52_update_near_d7b6_0e1ffc,0e22f2,0e0000,UNCONDITIONAL_CALL
egs52_update_near_d7b6_0e1ffc,0e22f6,0e0054,UNCONDITIONAL_CALL
egs52_update_near_d7b6_0e1ffc,0e22fa,0e03a8,UNCONDITIONAL_CALL
egs52_update_near_d7b6_0e1ffc,0e22fe,0e04da,UNCONDITIONAL_CALL
egs52_update_near_d7b6_0e1ffc,0e2302,0e1852,UNCONDITIONAL_CALL
egs52_update_near_d7b6_0e1ffc,0e2306,0e1a52,UNCONDITIONAL_CALL
egs52_update_near_d7b6_0e1ffc,0e230a,0e1c9a,UNCONDITIONAL_CALL
egs52_update_near_d7b6_0e1ffc,0e230e,0e120a,UNCONDITIONAL_CALL
egs52_update_near_d7b6_0e1ffc,0e2312,0e12f8,UNCONDITIONAL_CALL
egs52_update_near_d7b6_0e1ffc,0e2316,0e0e7c,UNCONDITIONAL_CALL
egs52_update_near_d7b6_0e1ffc,0e231a,0e1dfe,UNCONDITIONAL_CALL
egs52_update_near_d7b6_0e1ffc,0e231e,0e13ea,UNCONDITIONAL_CALL
egs52_update_near_d7b6_0e1ffc,0e2322,0e14a0,UNCONDITIONAL_CALL
egs52_update_near_d7b6_0e1ffc,0e24a4,0df1f8,UNCONDITIONAL_CALL
egs52_update_near_d7b6_0e1ffc,0e25c2,0df894,UNCONDITIONAL_CALL
egs52_update_near_d7b6_0e1ffc,0e25f4,0df894,UNCONDITIONAL_CALL
egs52_update_near_d7b6_0e1ffc,0e2626,0df894,UNCONDITIONAL_CALL
egs52_update_near_d7b6_0e1ffc,0e26aa,0df894,UNCONDITIONAL_CALL
egs52_update_near_d7b6_0e1ffc,0e26e4,0df894,UNCONDITIONAL_CALL
egs52_update_near_d7b6_0e1ffc,0e2718,0df894,UNCONDITIONAL_CALL
egs52_update_near_d59e_0e2f7c,0e2fa4,095abc,UNCONDITIONAL_CALL
egs52_update_near_d59e_0e2f7c,0e2fb8,095abc,UNCONDITIONAL_CALL
egs52_update_near_d59e_0e2f7c,0e2fc6,095abc,UNCONDITIONAL_CALL
egs52_update_near_d59e_0e2f7c,0e2fd4,095abc,UNCONDITIONAL_CALL
egs52_update_near_d5a5_0e2fdc,0e2ff0,0964aa,UNCONDITIONAL_CALL
egs52_update_near_d5a5_0e2fdc,0e3024,0964b2,UNCONDITIONAL_CALL
egs52_update_near_d5a5_0e2fdc,0e3088,0a1b8c,UNCONDITIONAL_CALL
egs52_update_near_d5a5_0e2fdc,0e30a2,0a1b8c,UNCONDITIONAL_CALL
egs52_update_near_d5a5_0e2fdc,0e30bc,0a1b8c,UNCONDITIONAL_CALL
egs52_update_near_d5a5_0e2fdc,0e30d2,0a1b8c,UNCONDITIONAL_CALL
egs52_pack_scaled_status_fields,0e32dc,0921b4,UNCONDITIONAL_CALL
egs52_call_092248_0e32e6,0e32fc,092248,UNCONDITIONAL_CALL
egs52_update_near_d47a_0e35c4,0e35c6,094d98,UNCONDITIONAL_CALL
egs52_update_near_d47a_0e35c4,0e3606,0a1b8c,UNCONDITIONAL_CALL
egs52_update_near_d47a_0e35c4,0e3614,0964cc,UNCONDITIONAL_CALL
egs52_update_near_d212_0e3672,0e3726,0a1b8c,UNCONDITIONAL_CALL
egs52_update_near_d212_0e3672,0e3734,0a1b8c,UNCONDITIONAL_CALL
egs52_update_near_d212_0e3672,0e3742,0a1b8c,UNCONDITIONAL_CALL
egs52_update_near_d212_0e3672,0e37b6,09fbc0,UNCONDITIONAL_CALL
egs52_update_near_d212_0e3672,0e37c4,0a1b8c,UNCONDITIONAL_CALL
egs52_update_near_d212_0e3672,0e37d2,0a1b8c,UNCONDITIONAL_CALL
egs52_update_near_d212_0e3672,0e37e0,0a1b8c,UNCONDITIONAL_CALL
egs52_update_near_d212_0e3672,0e37ee,0a1b8c,UNCONDITIONAL_CALL
egs52_update_near_d212_0e3672,0e380c,0a1b8c,UNCONDITIONAL_CALL
egs52_update_near_d212_0e3672,0e381a,0a1b8c,UNCONDITIONAL_CALL
egs52_update_near_d212_0e3672,0e3828,0a1b8c,UNCONDITIONAL_CALL
egs52_update_near_d212_0e3672,0e392a,0a1b8c,UNCONDITIONAL_CALL
egs52_update_near_d212_0e3672,0e3938,0a1b8c,UNCONDITIONAL_CALL
egs52_update_near_d212_0e3672,0e3946,0a1b8c,UNCONDITIONAL_CALL
egs52_update_near_d212_0e3672,0e396a,0a1b8c,UNCONDITIONAL_CALL
egs52_update_near_d212_0e3672,0e3978,0a1b8c,UNCONDITIONAL_CALL
egs52_update_near_d212_0e3672,0e3986,0a1b8c,UNCONDITIONAL_CALL
egs52_update_near_d212_0e3672,0e399e,0a1b8c,UNCONDITIONAL_CALL
egs52_update_near_d212_0e3672,0e39ac,0a1b8c,UNCONDITIONAL_CALL
egs52_update_near_d212_0e3672,0e39ba,0a1b8c,UNCONDITIONAL_CALL
egs52_update_near_d212_0e3672,0e39e0,0a1b8c,UNCONDITIONAL_CALL
egs52_update_near_d212_0e3672,0e39ee,0a1b8c,UNCONDITIONAL_CALL
egs52_update_near_d212_0e3672,0e39fc,0a1b8c,UNCONDITIONAL_CALL
egs52_update_near_d212_0e3672,0e3a36,0e3620,UNCONDITIONAL_CALL
egs52_update_near_d212_0e3672,0e3a4c,0e3620,UNCONDITIONAL_CALL
egs52_update_near_d212_0e3672,0e3a64,0e3620,UNCONDITIONAL_CALL
egs52_update_near_d212_0e3672,0e3a7c,0e3620,UNCONDITIONAL_CALL
egs52_update_near_d212_0e3672,0e3b46,0a1b8c,UNCONDITIONAL_CALL
egs52_update_near_d212_0e3672,0e3b54,0a1b8c,UNCONDITIONAL_CALL
egs52_update_near_d212_0e3672,0e3b62,0a1b8c,UNCONDITIONAL_CALL
egs52_update_near_d212_0e3672,0e3b70,0a1b8c,UNCONDITIONAL_CALL
egs52_update_near_d212_0e3672,0e3b82,0a1b8c,UNCONDITIONAL_CALL
egs52_update_near_d212_0e3672,0e3b90,0a1b8c,UNCONDITIONAL_CALL
egs52_update_near_d212_0e3672,0e3b9e,0a1b8c,UNCONDITIONAL_CALL
egs52_update_near_d212_0e3672,0e3bc8,0a1b8c,UNCONDITIONAL_CALL
egs52_update_near_d212_0e3672,0e3bd6,0a1b8c,UNCONDITIONAL_CALL
egs52_update_near_d212_0e3672,0e3be4,0a1b8c,UNCONDITIONAL_CALL
egs52_update_near_d212_0e3672,0e3c54,09fbc0,UNCONDITIONAL_CALL
egs52_update_near_d212_0e3672,0e3c64,0a1b8c,UNCONDITIONAL_CALL
egs52_update_near_d212_0e3672,0e3c72,0a1b8c,UNCONDITIONAL_CALL
egs52_update_near_d212_0e3672,0e3c80,0a1b8c,UNCONDITIONAL_CALL
egs52_update_near_d212_0e3672,0e3c8e,0a1b8c,UNCONDITIONAL_CALL
egs52_update_near_d212_0e3672,0e3cc0,0a1b8c,UNCONDITIONAL_CALL
egs52_update_near_d212_0e3672,0e3cce,0a1b8c,UNCONDITIONAL_CALL
egs52_update_near_d212_0e3672,0e3cdc,0a1b8c,UNCONDITIONAL_CALL
egs52_update_near_d212_0e3672,0e3d34,0e3d42,COMPUTED_JUMP
egs52_update_near_d212_0e3672,0e3d34,0e3d36,COMPUTED_JUMP
egs52_update_near_d212_0e3672,0e3d34,0e3d48,COMPUTED_JUMP
egs52_update_near_d212_0e3672,0e3d54,09fbc0,UNCONDITIONAL_CALL
egs52_update_near_d212_0e3672,0e3d64,0a1b8c,UNCONDITIONAL_CALL
egs52_update_near_d212_0e3672,0e3d72,0a1b8c,UNCONDITIONAL_CALL
egs52_update_near_d212_0e3672,0e3d80,0a1b8c,UNCONDITIONAL_CALL
egs52_update_near_d212_0e3672,0e3d8e,0a1b8c,UNCONDITIONAL_CALL
egs52_update_near_d212_0e3672,0e3da6,09fbc0,UNCONDITIONAL_CALL
egs52_update_near_d7da_0e3ecc,0e3edc,0a1b8c,UNCONDITIONAL_CALL
egs52_update_near_d7da_0e3ecc,0e3eea,0a1b8c,UNCONDITIONAL_CALL
egs52_update_near_d7da_0e3ecc,0e3ef8,0a1b8c,UNCONDITIONAL_CALL
egs52_update_near_d7da_0e3ecc,0e3f48,09fbc0,UNCONDITIONAL_CALL
egs52_update_near_d7da_0e3ecc,0e3f6e,0a1b8c,UNCONDITIONAL_CALL
egs52_update_near_d7da_0e3ecc,0e3f7c,0a1b8c,UNCONDITIONAL_CALL
egs52_update_near_d7da_0e3ecc,0e3f8a,0a1b8c,UNCONDITIONAL_CALL
egs52_update_near_d7da_0e3ecc,0e3f98,0a1b8c,UNCONDITIONAL_CALL
egs52_update_near_d7da_0e3ecc,0e3ff0,0df1c6,UNCONDITIONAL_CALL
egs52_update_near_d7da_0e3ecc,0e401a,0df1c6,UNCONDITIONAL_CALL
egs52_update_near_d614_0e40a0,0e4174,0a1b8c,UNCONDITIONAL_CALL
egs52_update_near_d614_0e40a0,0e4182,0a1b8c,UNCONDITIONAL_CALL
egs52_update_near_d614_0e40a0,0e4190,0a1b8c,UNCONDITIONAL_CALL
egs52_update_near_d614_0e40a0,0e420e,09fbc0,UNCONDITIONAL_CALL
egs52_update_near_d614_0e40a0,0e421e,0a1b8c,UNCONDITIONAL_CALL
egs52_update_near_d614_0e40a0,0e422c,0a1b8c,UNCONDITIONAL_CALL
egs52_update_near_d614_0e40a0,0e423a,0a1b8c,UNCONDITIONAL_CALL
egs52_update_near_d614_0e40a0,0e4248,0a1b8c,UNCONDITIONAL_CALL
egs52_update_near_d614_0e40a0,0e4394,0a1b8c,UNCONDITIONAL_CALL
egs52_update_near_d614_0e40a0,0e4508,09fbc0,UNCONDITIONAL_CALL
egs52_update_near_d614_0e40a0,0e4524,0a1b8c,UNCONDITIONAL_CALL
egs52_update_near_d614_0e40a0,0e4532,0a1b8c,UNCONDITIONAL_CALL
egs52_update_near_d614_0e40a0,0e45c4,0a1b8c,UNCONDITIONAL_CALL
egs52_update_near_d614_0e40a0,0e45d2,0a1b8c,UNCONDITIONAL_CALL
egs52_update_near_d614_0e40a0,0e45e0,0a1b8c,UNCONDITIONAL_CALL
egs52_update_near_d5ca_0e4958,0e4970,0a1b8c,UNCONDITIONAL_CALL
egs52_update_near_d5ca_0e4958,0e497e,0a1b8c,UNCONDITIONAL_CALL
egs52_update_near_d5ca_0e4958,0e498c,0a1b8c,UNCONDITIONAL_CALL
egs52_update_near_d7da_0e4b56,0e4b64,0a1b8c,UNCONDITIONAL_CALL
egs52_update_near_d7da_0e4b56,0e4b72,0a1b8c,UNCONDITIONAL_CALL
egs52_update_near_d7da_0e4b56,0e4b80,0a1b8c,UNCONDITIONAL_CALL
egs52_update_near_d7da_0e4b56,0e4be8,09fbc0,UNCONDITIONAL_CALL
egs52_update_near_d7da_0e4b56,0e4bf8,0a1b8c,UNCONDITIONAL_CALL
egs52_update_near_d7da_0e4b56,0e4c06,0a1b8c,UNCONDITIONAL_CALL
egs52_update_near_d7da_0e4b56,0e4c14,0a1b8c,UNCONDITIONAL_CALL
egs52_update_near_d7da_0e4b56,0e4c22,0a1b8c,UNCONDITIONAL_CALL
egs52_update_near_d506_0e4c42,0e4c5a,0a1b8c,UNCONDITIONAL_CALL
egs52_update_near_d506_0e4c42,0e4c68,0a1b8c,UNCONDITIONAL_CALL
egs52_update_near_d506_0e4c42,0e4c76,0a1b8c,UNCONDITIONAL_CALL
egs52_update_near_d506_0e4c42,0e4cca,09fbc0,UNCONDITIONAL_CALL
egs52_update_near_d506_0e4c42,0e4cda,0a1b8c,UNCONDITIONAL_CALL
egs52_update_near_d506_0e4c42,0e4ce8,0a1b8c,UNCONDITIONAL_CALL
egs52_update_near_d506_0e4c42,0e4cf6,0a1b8c,UNCONDITIONAL_CALL
egs52_update_near_d506_0e4c42,0e4d04,0a1b8c,UNCONDITIONAL_CALL
egs52_update_near_d506_0e4c42,0e4d2c,0df1f8,UNCONDITIONAL_CALL
egs52_update_near_d506_0e4c42,0e4d48,0df44c,UNCONDITIONAL_CALL
egs52_update_near_d433_0e4e30,0e4e4e,0a1b8c,UNCONDITIONAL_CALL
egs52_update_near_d433_0e4e30,0e4e5c,0a1b8c,UNCONDITIONAL_CALL
egs52_update_near_d433_0e4e30,0e4e6a,0a1b8c,UNCONDITIONAL_CALL
egs52_update_near_d433_0e4e30,0e4e78,09fbc0,UNCONDITIONAL_CALL
egs52_update_near_d433_0e4e30,0e4e86,09fbc0,UNCONDITIONAL_CALL
egs52_update_near_d433_0e4e30,0e4e94,09fbc0,UNCONDITIONAL_CALL
egs52_update_near_d433_0e4e30,0e4ea2,09fbc0,UNCONDITIONAL_CALL
egs52_update_near_d433_0e4e30,0e4ede,09fbc0,UNCONDITIONAL_CALL
egs52_update_near_d433_0e4e30,0e4eee,09fbc0,UNCONDITIONAL_CALL
egs52_update_near_d433_0e4e30,0e4efe,09fbc0,UNCONDITIONAL_CALL
egs52_update_near_d433_0e4e30,0e4f3c,09fbc0,UNCONDITIONAL_CALL
egs52_update_near_d433_0e4e30,0e4f4c,09fbc0,UNCONDITIONAL_CALL
egs52_update_near_d433_0e4e30,0e4f5c,09fbc0,UNCONDITIONAL_CALL
egs52_update_near_d433_0e4e30,0e4f9a,09fbc0,UNCONDITIONAL_CALL
egs52_update_near_d433_0e4e30,0e4faa,09fbc0,UNCONDITIONAL_CALL
egs52_update_near_d433_0e4e30,0e4fba,09fbc0,UNCONDITIONAL_CALL
egs52_update_near_d433_0e4e30,0e4ff8,09fbc0,UNCONDITIONAL_CALL
egs52_update_near_d433_0e4e30,0e5008,09fbc0,UNCONDITIONAL_CALL
egs52_update_near_d433_0e4e30,0e5018,09fbc0,UNCONDITIONAL_CALL
egs52_update_near_d433_0e4e30,0e50ac,0a1b8c,UNCONDITIONAL_CALL
egs52_update_near_d433_0e4e30,0e50ba,0a1b8c,UNCONDITIONAL_CALL
egs52_update_near_d433_0e4e30,0e50c8,0a1b8c,UNCONDITIONAL_CALL
egs52_update_near_d433_0e4e30,0e50fa,0a1b8c,UNCONDITIONAL_CALL
egs52_update_near_d433_0e4e30,0e5112,0a1b8c,UNCONDITIONAL_CALL
egs52_update_near_d433_0e4e30,0e512a,0a1b8c,UNCONDITIONAL_CALL
egs52_update_near_d433_0e4e30,0e5142,0a1b8c,UNCONDITIONAL_CALL
egs52_update_near_d433_0e4e30,0e51a6,0a1b8c,UNCONDITIONAL_CALL
egs52_update_near_d433_0e4e30,0e51b2,0a1b8c,UNCONDITIONAL_CALL
egs52_update_near_d433_0e4e30,0e51fc,0a1b8c,UNCONDITIONAL_CALL
egs52_update_near_d433_0e4e30,0e520a,0a1b8c,UNCONDITIONAL_CALL
egs52_update_near_d433_0e4e30,0e5218,09fbc0,UNCONDITIONAL_CALL
egs52_update_near_d433_0e4e30,0e5224,09fbc0,UNCONDITIONAL_CALL
egs52_update_near_d433_0e4e30,0e5236,09fbc0,UNCONDITIONAL_CALL
egs52_update_near_d433_0e4e30,0e5242,09fbc0,UNCONDITIONAL_CALL
egs52_update_near_d433_0e4e30,0e528a,09fbc0,UNCONDITIONAL_CALL
egs52_update_near_d433_0e4e30,0e529a,09fbc0,UNCONDITIONAL_CALL
egs52_update_near_d433_0e4e30,0e52b2,09fbc0,UNCONDITIONAL_CALL
egs52_update_near_d433_0e4e30,0e52de,09fbc0,UNCONDITIONAL_CALL
egs52_update_near_d433_0e4e30,0e52ec,09fbc0,UNCONDITIONAL_CALL
egs52_update_near_d433_0e4e30,0e52fa,0a1b8c,UNCONDITIONAL_CALL
egs52_update_near_d433_0e4e30,0e5306,09fbc0,UNCONDITIONAL_CALL
egs52_update_near_d433_0e4e30,0e5314,09fbc0,UNCONDITIONAL_CALL
egs52_update_near_d433_0e4e30,0e5324,09fbc0,UNCONDITIONAL_CALL
egs52_update_near_d433_0e4e30,0e5330,09fbc0,UNCONDITIONAL_CALL
egs52_update_near_d433_0e4e30,0e5354,0a1b8c,UNCONDITIONAL_CALL
egs52_update_near_d433_0e4e30,0e5360,0a1b8c,UNCONDITIONAL_CALL
egs52_update_near_d433_0e4e30,0e539e,0df1f8,UNCONDITIONAL_CALL
egs52_update_near_d433_0e4e30,0e53b6,0df1f8,UNCONDITIONAL_CALL
egs52_update_near_d433_0e4e30,0e53e6,0df1f8,UNCONDITIONAL_CALL
egs52_update_near_d433_0e4e30,0e546a,09fbc0,UNCONDITIONAL_CALL
egs52_update_near_d433_0e4e30,0e5478,09fbc0,UNCONDITIONAL_CALL
egs52_update_near_d433_0e4e30,0e54f6,0a1b8c,UNCONDITIONAL_CALL
egs52_update_near_d433_0e4e30,0e5504,0a1b8c,UNCONDITIONAL_CALL
egs52_update_near_d433_0e4e30,0e5512,0a1b8c,UNCONDITIONAL_CALL
egs52_update_near_d433_0e4e30,0e552e,0a1b8c,UNCONDITIONAL_CALL
egs52_update_near_d433_0e4e30,0e5548,0a1b8c,UNCONDITIONAL_CALL
egs52_update_near_d433_0e4e30,0e5562,0a1b8c,UNCONDITIONAL_CALL
egs52_update_near_d433_0e4e30,0e557c,0a1b8c,UNCONDITIONAL_CALL
egs52_update_near_d433_0e4e30,0e55f6,0a1b8c,UNCONDITIONAL_CALL
egs52_update_near_d433_0e4e30,0e5606,0a1b8c,UNCONDITIONAL_CALL
egs52_update_near_d433_0e4e30,0e5616,0a1b8c,UNCONDITIONAL_CALL
egs52_update_near_d433_0e4e30,0e5626,0a1b8c,UNCONDITIONAL_CALL
egs52_update_near_d433_0e4e30,0e5634,0a1b8c,UNCONDITIONAL_CALL
egs52_update_near_d433_0e4e30,0e5642,0a1b8c,UNCONDITIONAL_CALL
egs52_update_near_d433_0e4e30,0e5650,0a1b8c,UNCONDITIONAL_CALL
egs52_update_near_d433_0e4e30,0e565e,0a1b8c,UNCONDITIONAL_CALL
egs52_update_near_d433_0e4e30,0e566c,0a1b8c,UNCONDITIONAL_CALL
egs52_update_near_d433_0e4e30,0e567a,0a1b8c,UNCONDITIONAL_CALL
egs52_update_near_d433_0e4e30,0e56c2,0df1f8,UNCONDITIONAL_CALL
egs52_update_near_d433_0e4e30,0e56da,0df1f8,UNCONDITIONAL_CALL
egs52_update_near_d433_0e4e30,0e5790,0df1f8,UNCONDITIONAL_CALL
egs52_update_near_d4e8_0e58be,0e5908,0a1b8c,UNCONDITIONAL_CALL
egs52_update_near_d4e8_0e58be,0e5924,09fbc0,UNCONDITIONAL_CALL
egs52_update_near_d4e8_0e58be,0e5930,09fbc0,UNCONDITIONAL_CALL
egs52_update_near_d4e8_0e58be,0e593c,09fbc0,UNCONDITIONAL_CALL
egs52_update_near_d4e8_0e58be,0e5964,09fbc0,UNCONDITIONAL_CALL
egs52_update_near_d4e8_0e58be,0e5972,09fbc0,UNCONDITIONAL_CALL
egs52_update_near_d4e8_0e58be,0e5988,09fbc0,UNCONDITIONAL_CALL
egs52_update_near_d4e8_0e58be,0e599c,0a1b8c,UNCONDITIONAL_CALL
egs52_update_near_d4e8_0e58be,0e59ea,09fbc0,UNCONDITIONAL_CALL
egs52_update_near_d4e8_0e58be,0e59f8,09fbc0,UNCONDITIONAL_CALL
egs52_update_near_d4e8_0e58be,0e5a0e,09fbc0,UNCONDITIONAL_CALL
egs52_update_near_d4e8_0e58be,0e5a22,0a1b8c,UNCONDITIONAL_CALL
egs52_update_near_d4e8_0e58be,0e5a8a,09fbc0,UNCONDITIONAL_CALL
egs52_update_near_d4e8_0e58be,0e5a98,09fbc0,UNCONDITIONAL_CALL
egs52_update_near_d4e8_0e58be,0e5aa6,09fbc0,UNCONDITIONAL_CALL
egs52_update_near_d4e8_0e58be,0e5ab2,0a1b8c,UNCONDITIONAL_CALL
egs52_update_near_d4e4_0e5ae0,0e5aea,0e586e,UNCONDITIONAL_CALL
egs52_update_near_d4e4_0e5ae0,0e5b0e,0e5b10,COMPUTED_JUMP
egs52_update_near_d4e4_0e5ae0,0e5b0e,0e5b30,COMPUTED_JUMP
egs52_update_near_d4e4_0e5ae0,0e5b0e,0e5cf8,COMPUTED_JUMP
egs52_update_near_d4e4_0e5ae0,0e5b46,0e5bf4,COMPUTED_JUMP
egs52_update_near_d4e4_0e5ae0,0e5b46,0e5c66,COMPUTED_JUMP
egs52_update_near_d4e4_0e5ae0,0e5b46,0e5b48,COMPUTED_JUMP
egs52_update_near_d4e4_0e5ae0,0e5b46,0e5b6a,COMPUTED_JUMP
egs52_update_near_d4e4_0e5ae0,0e5d0e,0e5d10,COMPUTED_JUMP
egs52_update_near_d4e4_0e5ae0,0e5d0e,0e5d62,COMPUTED_JUMP
egs52_update_near_d4e4_0e5ae0,0e5d0e,0e5de8,COMPUTED_JUMP
egs52_update_near_d4e4_0e5ae0,0e5d0e,0e5d1c,COMPUTED_JUMP
egs52_update_near_d526_0e5df0,0e5e02,0df1f8,UNCONDITIONAL_CALL
egs52_update_near_d443_0e5e30,0e5e36,0a1b8c,UNCONDITIONAL_CALL
egs52_update_near_d443_0e5e30,0e5e44,0a1b8c,UNCONDITIONAL_CALL
egs52_update_near_d443_0e5e30,0e5e52,0a1b8c,UNCONDITIONAL_CALL
egs52_update_near_d482_0e5eb4,0e5ef2,0a1b8c,UNCONDITIONAL_CALL
egs52_update_near_d482_0e5eb4,0e5f00,0a1b8c,UNCONDITIONAL_CALL
egs52_update_near_d482_0e5eb4,0e5f0e,0a1b8c,UNCONDITIONAL_CALL
egs52_update_near_d482_0e5eb4,0e5f1c,09fbc0,UNCONDITIONAL_CALL
egs52_update_near_d482_0e5eb4,0e5f2a,09fbc0,UNCONDITIONAL_CALL
egs52_update_near_d482_0e5eb4,0e5f38,09fbc0,UNCONDITIONAL_CALL
egs52_update_near_d482_0e5eb4,0e5f46,09fbc0,UNCONDITIONAL_CALL
egs52_update_near_d482_0e5eb4,0e5f82,09fbc0,UNCONDITIONAL_CALL
egs52_update_near_d482_0e5eb4,0e5f92,09fbc0,UNCONDITIONAL_CALL
egs52_update_near_d482_0e5eb4,0e5fa2,09fbc0,UNCONDITIONAL_CALL
egs52_update_near_d482_0e5eb4,0e5fea,09fbc0,UNCONDITIONAL_CALL
egs52_update_near_d482_0e5eb4,0e5ffa,09fbc0,UNCONDITIONAL_CALL
egs52_update_near_d482_0e5eb4,0e600a,09fbc0,UNCONDITIONAL_CALL
egs52_update_near_d482_0e5eb4,0e6052,09fbc0,UNCONDITIONAL_CALL
egs52_update_near_d482_0e5eb4,0e6062,09fbc0,UNCONDITIONAL_CALL
egs52_update_near_d482_0e5eb4,0e6072,09fbc0,UNCONDITIONAL_CALL
egs52_update_near_d482_0e5eb4,0e60ae,09fbc0,UNCONDITIONAL_CALL
egs52_update_near_d482_0e5eb4,0e60be,09fbc0,UNCONDITIONAL_CALL
egs52_update_near_d482_0e5eb4,0e60ce,09fbc0,UNCONDITIONAL_CALL
egs52_update_near_d482_0e5eb4,0e6122,0a1b8c,UNCONDITIONAL_CALL
egs52_update_near_d482_0e5eb4,0e6130,0a1b8c,UNCONDITIONAL_CALL
egs52_update_near_d482_0e5eb4,0e613e,0a1b8c,UNCONDITIONAL_CALL
egs52_update_near_d482_0e5eb4,0e614c,0a1b8c,UNCONDITIONAL_CALL
egs52_update_near_d482_0e5eb4,0e615a,0a1b8c,UNCONDITIONAL_CALL
egs52_update_near_d482_0e5eb4,0e6168,0a1b8c,UNCONDITIONAL_CALL
egs52_update_near_d482_0e5eb4,0e6176,0a1b8c,UNCONDITIONAL_CALL
egs52_update_near_d482_0e5eb4,0e62a8,0dfc18,UNCONDITIONAL_CALL
egs52_update_near_d482_0e5eb4,0e65c6,0df44c,UNCONDITIONAL_CALL
egs52_update_near_d482_0e5eb4,0e65e8,0df44c,UNCONDITIONAL_CALL
egs52_update_near_d482_0e5eb4,0e66be,0df1c6,UNCONDITIONAL_CALL
egs52_update_near_d482_0e5eb4,0e6960,0df894,UNCONDITIONAL_CALL
egs52_update_near_d23f_0e6a92,0e6a9a,0e6a6a,UNCONDITIONAL_CALL
egs52_update_near_d23f_0e6a92,0e6ade,0e6a3e,UNCONDITIONAL_CALL
egs52_update_near_d23f_0e6a92,0e6b1e,0e6a3e,UNCONDITIONAL_CALL
egs52_update_near_d23f_0e6a92,0e6c08,0a1b8c,UNCONDITIONAL_CALL
egs52_update_near_d23f_0e6a92,0e6c2e,0a1b8c,UNCONDITIONAL_CALL
egs52_update_near_d23f_0e6a92,0e6c3c,0a1b8c,UNCONDITIONAL_CALL
egs52_update_near_d23f_0e6a92,0e6c4a,0a1b8c,UNCONDITIONAL_CALL
egs52_update_near_d23f_0e6a92,0e6c58,0a1b8c,UNCONDITIONAL_CALL
egs52_update_near_d23f_0e6a92,0e6c66,0a1b8c,UNCONDITIONAL_CALL
egs52_update_near_d23f_0e6a92,0e6c74,0a1b8c,UNCONDITIONAL_CALL
egs52_update_near_d23f_0e6a92,0e6d8c,0e6a3e,UNCONDITIONAL_CALL
egs52_update_near_d23f_0e6a92,0e6e44,0a1b8c,UNCONDITIONAL_CALL
egs52_update_near_d23f_0e6a92,0e6e52,0a1b8c,UNCONDITIONAL_CALL
egs52_update_near_d23f_0e6a92,0e6e60,0a1b8c,UNCONDITIONAL_CALL
egs52_update_near_d23f_0e6a92,0e7082,0e6a3e,UNCONDITIONAL_CALL
egs52_update_near_d23f_0e6a92,0e7128,0a1b8c,UNCONDITIONAL_CALL
egs52_update_near_d23f_0e6a92,0e7134,0a1b8c,UNCONDITIONAL_CALL
egs52_update_near_d60f_0e7216,0e7216,0a1b54,UNCONDITIONAL_CALL
egs52_update_near_d569_0e7388,0e740a,0e735e,UNCONDITIONAL_CALL
egs52_update_near_d569_0e7388,0e7424,0e735e,UNCONDITIONAL_CALL
egs52_update_near_d569_0e7388,0e7458,0e735e,UNCONDITIONAL_CALL
egs52_update_near_d45e_0e7468,0e749c,0df1f8,UNCONDITIONAL_CALL
egs52_update_near_d45e_0e7468,0e74b6,0df1f8,UNCONDITIONAL_CALL
egs52_update_near_d45e_0e7468,0e74be,0e7388,UNCONDITIONAL_CALL
egs52_update_near_d45e_0e7468,0e74c8,0a1b8c,UNCONDITIONAL_CALL
egs52_update_near_d45e_0e7468,0e74f8,0a1b8c,UNCONDITIONAL_CALL
egs52_update_near_d45e_0e7468,0e7506,0a1b8c,UNCONDITIONAL_CALL
egs52_update_near_d45e_0e7468,0e7546,0a1b8c,UNCONDITIONAL_CALL
egs52_update_near_d45e_0e7468,0e7554,0a1b8c,UNCONDITIONAL_CALL
egs52_update_near_d45e_0e7468,0e7588,0a1b8c,UNCONDITIONAL_CALL
egs52_update_near_d45e_0e7468,0e7598,0a1b8c,UNCONDITIONAL_CALL
egs52_update_near_d45e_0e7468,0e75b4,0a1b8c,UNCONDITIONAL_CALL
egs52_update_near_d45e_0e7468,0e75c4,0a1b8c,UNCONDITIONAL_CALL
egs52_update_near_d45e_0e7468,0e7664,0df3a4,UNCONDITIONAL_CALL
egs52_update_near_d45e_0e7468,0e76e4,0df3a4,UNCONDITIONAL_CALL
egs52_update_near_d45e_0e7468,0e7724,0df3a4,UNCONDITIONAL_CALL
egs52_update_near_d45e_0e7468,0e78a4,0df1c6,UNCONDITIONAL_CALL
egs52_update_near_d45e_0e7468,0e7952,09fbc0,UNCONDITIONAL_CALL
egs52_update_near_d45e_0e7468,0e7960,09fbc0,UNCONDITIONAL_CALL
egs52_update_near_d45e_0e7468,0e7970,09fbc0,UNCONDITIONAL_CALL
egs52_update_near_d45e_0e7468,0e797e,09fbc0,UNCONDITIONAL_CALL
egs52_update_near_d45e_0e7468,0e7a46,09fbc0,UNCONDITIONAL_CALL
egs52_update_near_d45e_0e7468,0e7b5a,09fbc0,UNCONDITIONAL_CALL
egs52_update_near_d45e_0e7468,0e7bb6,0a1b8c,UNCONDITIONAL_CALL
egs52_update_near_d45e_0e7468,0e7bc4,0a1b8c,UNCONDITIONAL_CALL
egs52_update_near_d45e_0e7468,0e7bde,0a1b8c,UNCONDITIONAL_CALL
egs52_update_near_d45e_0e7468,0e7bec,0a1b8c,UNCONDITIONAL_CALL
egs52_update_near_d45e_0e7468,0e7ce2,0a1b8c,UNCONDITIONAL_CALL
egs52_update_near_d45e_0e7468,0e7cf0,0a1b8c,UNCONDITIONAL_CALL
egs52_update_near_d45e_0e7468,0e7d0e,0a1b8c,UNCONDITIONAL_CALL
egs52_update_near_d45e_0e7468,0e7d1c,0a1b8c,UNCONDITIONAL_CALL
egs52_update_near_d45e_0e7468,0e7d32,09fbc0,UNCONDITIONAL_CALL
egs52_update_near_d45e_0e7468,0e7d40,0a1b8c,UNCONDITIONAL_CALL
egs52_update_near_d45e_0e7468,0e7e00,09fbc0,UNCONDITIONAL_CALL
egs52_update_near_d45e_0e7468,0e7e50,09fbc0,UNCONDITIONAL_CALL
egs52_update_near_d45e_0e7468,0e7ee0,0a1b8c,UNCONDITIONAL_CALL
egs52_update_near_d45e_0e7468,0e7f56,09fbc0,UNCONDITIONAL_CALL
egs52_update_near_d45e_0e7468,0e7f66,09fbc0,UNCONDITIONAL_CALL
egs52_update_near_d45e_0e7468,0e7f7a,09fbc0,UNCONDITIONAL_CALL
egs52_update_near_d45e_0e7468,0e806c,0a1b8c,UNCONDITIONAL_CALL
egs52_update_near_d45e_0e7468,0e807a,0a1b8c,UNCONDITIONAL_CALL
egs52_update_near_d45e_0e7468,0e8088,0a1b8c,UNCONDITIONAL_CALL
egs52_update_near_d45e_0e7468,0e80c4,09fbc0,UNCONDITIONAL_CALL
egs52_update_near_d45e_0e7468,0e80d2,0a1b8c,UNCONDITIONAL_CALL
egs52_update_near_d45e_0e7468,0e811a,09fbc0,UNCONDITIONAL_CALL
egs52_update_near_d45e_0e7468,0e8126,0a1b8c,UNCONDITIONAL_CALL
egs52_select_client3_operating_mask,0e814e,094980,UNCONDITIONAL_CALL
